ID;species;Photo_ID;Photo_INT_ID;SIA_B;SIA_A;oto;cnp;sex;AE1;AE2;gen;date;site;biomass;wev;TL_cm;FL_cm;SL_cm;TL;FL;SL;MO;MW;PRO;L_dig;D1;D2;D3;D4;D5;w_liv;w_gon;comments
AU_CH_MA_03_17_046;Aulostomus_chimensis;IMG_9975;;NA;NA;1;1;M;0;0;1;09/03/2017;NA;231.6;220;50.1;0;46.5;501;;465;18.4;28;0;NA;NA;NA;NA;NA;NA;NA;NA;2 fish in stomac (chromis), masse unusable as SIA was done before
AU_CH_MA_03_17_047;Aulostomus_chimensis;IMG_9977;;NA;NA;1;1;NA;0;0;1;09/03/2017;NA;16.6;15.3;23.4;0;21.6;234;;216;14;15;0;NA;NA;NA;NA;NA;NA;NA;NA;1 fish in stomac (chromis), masse unusable as SIA was done before
AU_CH_MA_03_17_048;Aulostomus_chimensis;IMG_9979;;NA;NA;1;1;M;0;0;1;09/03/2017;NA;184.8;169.3;47;0;32.8;470;;328;19.4;23;0;NA;NA;NA;NA;NA;NA;NA;NA;2 fish in stomac (chromis), masse unusable as SIA was done before
TR_SP_MA_03_17_049;Trachinotus_sp;IMG_9980;;NA;NA;1;1;F;0;0;1;09/03/2017;NA;156.4;150;28;21;18.4;280;210;184;23.5;25;4;NA;NA;NA;NA;NA;NA;NA;NA;masse unusable
TR_SP_MA_03_17_050;Trachinotus_sp;IMG_9981;;NA;NA;1;1;NA;0;0;1;09/03/2017;NA;58.8;55.8;19.2;14.8;13.1;192;148;131;21.8;22.7;2.8;NA;NA;NA;NA;NA;NA;NA;NA;1 crabe dans estomac, masse unusable
CR_CR_MA_03_17_051;Crenimugil_crenilabis;IMG_9983;;NA;NA;1;1;F;0;0;1;09/03/2017;NA;1365.8;1223.2;49;45;38;490;450;380;24.7;35.4;32;NA;NA;NA;NA;NA;NA;NA;NA;masse unusable, parasites, 3 sac cnp
SA_GR_MA_03_17_052;Saurida_gracilis;IMG_9984;;NA;NA;1;1;F;0;0;1;09/03/2017;NA;89.9;84.6;21.7;19.7;18.2;217;197;182;47;43;0;NA;NA;NA;NA;NA;NA;NA;NA;masse unusable
CA_SE_MA_03_17_053;Caranx_sexfaciatus;IMG_9985;;NA;NA;1;1;NA;0;0;1;09/03/2017;NA;46.6;43.6;16.4;13.8;12.1;164;138;121;19.2;23.8;4.6;NA;NA;NA;NA;NA;NA;NA;NA;masse unusable
CH_OR_MA_03_17_054;Chaetodon_ornatissimus;IMG_9986;;NA;NA;1;1;NA;0;0;1;09/03/2017;NA;97.8;87.9;14.3;0;12.3;143;;123;12;11.4;4;NA;NA;NA;NA;NA;NA;NA;NA;masse unusable
CH_OR_MA_03_17_055;Chaetodon_ornatissimus;IMG_9986;;NA;NA;1;1;F;0;0;1;09/03/2017;NA;111.2;98.9;15.6;0;13.2;156;;132;11.5;12.5;3;NA;NA;NA;NA;NA;NA;NA;NA;masse unusable
CH_OR_MA_03_17_056;Chaetodon_ornatissimus;IMG_9986;;NA;NA;1;1;F;0;0;1;09/03/2017;NA;126.9;113.4;15.3;0;13.3;153;;133;12.5;13.5;1.1;NA;NA;NA;NA;NA;NA;NA;NA;masse unusable
CH_OR_MA_03_17_057;Chaetodon_ornatissimus;IMG_9986;;NA;NA;1;1;M;0;0;1;09/03/2017;NA;107.7;99.8;15.4;0;13.4;154;;134;11.2;13;1.4;NA;NA;NA;NA;NA;NA;NA;NA;masse unusable
SC_KO_MA_03_17_068;Scarus_koputea;IMG_9993;;NA;NA;1;1;F;0;0;1;09/03/2017;NA;562.3;488.3;30.5409;29.3499;27.0104;305.409;293.499;270.104;22.8;22.4;0;NA;NA;NA;NA;NA;NA;NA;NA;masse unusable
SC_KO_MA_03_17_069;Scarus_koputea;IMG_9994;;NA;NA;1;1;M;0;0;1;09/03/2017;NA;525.4;487.9;33.8698;30.3172;27.9017;338.698;303.172;279.017;31.1;25;0;NA;NA;NA;NA;NA;NA;NA;NA;masse unusable
SC_KO_MA_03_17_070;Scarus_koputea;IMG_9995;;NA;NA;1;1;F;0;0;1;09/03/2017;NA;740.5;666.8;33.3297;31.8179;29.1759;333.297;318.179;291.759;27;23;0;NA;NA;NA;NA;NA;NA;NA;NA;masse unusable
BA_UN_MA_03_17_071;Balistapus_undulatus;IMG_9996;;NA;NA;1;1;F;0;0;1;09/03/2017;NA;333.8;298.4;21.4723;0;18.7132;214.723;;187.132;NA;NA;NA;NA;NA;NA;NA;NA;NA;NA;NA;masse unusable
BA_UN_MA_03_17_072;Balistapus_undulatus;IMG_9996;;NA;NA;1;1;F;0;0;1;09/03/2017;NA;181.7;158.6;17.3445;0;15.1603;173.445;;151.603;14;14;0;NA;NA;NA;NA;NA;NA;NA;NA;masse unusable
BA_UN_MA_03_17_073;Balistapus_undulatus;IMG_9996;;NA;NA;1;1;NA;0;0;1;09/03/2017;NA;119.9;104.8;15.9092;0;14.1027;159.092;;141.027;13.4;12.7;0;NA;NA;NA;NA;NA;NA;NA;NA;masse unusable
BA_UN_MA_03_17_074;Balistapus_undulatus;IMG_9997;;NA;NA;1;0;NA;0;0;1;09/03/2017;NA;77.5;69.8;13.333;0;11.6184;133.33;;116.184;12.8;12;0;NA;NA;NA;NA;NA;NA;NA;NA;masse unusable
BA_UN_MA_03_17_075;Balistapus_undulatus;IMG_9997;;NA;NA;1;1;NA;0;0;1;09/03/2017;NA;26.1;23.3;9.6901;0;8.3582;96.901;;83.582;9;8;0;NA;NA;NA;NA;NA;NA;NA;NA;masse unusable
AU_CH_MA_03_17_086;Aulostomus_chimensis;IMG_0008;;NA;NA;1;1;NA;0;0;1;09/03/2017;NA;42.4;41;30.78;0;29.76;307.8;;297.6;21.4;18;0;NA;NA;NA;NA;NA;NA;NA;NA;masse unusable 
AU_CH_MA_03_17_087;Aulostomus_chimensis;IMG_0008;;NA;NA;1;1;NA;0;0;1;09/03/2017;NA;21.3;19.2;24.22;0;23.26;242.2;;232.6;13;11;0;NA;NA;NA;NA;NA;NA;NA;NA;masse unusable, 1 apogon in the stomac
CA_CA_MA_03_17_088;Calostomus_carolinus;IMG_0010;;NA;NA;1;1;NA;0;0;1;11/03/2017;NA;320;303;26.6255;25.835;23.3807;266.255;258.35;233.807;21;21;5;NA;NA;NA;NA;NA;NA;NA;NA;masse unusable, 1 oto uniquement
PR_TA_MA_03_17_089;Pristiapogon_taeniopterus;IMG_0007;;NA;NA;1;1;M;0;0;1;NA;NA;15.5;12.4;8.8858;0;7.2213;88.858;;72.213;20.1;21.7;2.4;NA;NA;NA;NA;NA;NA;NA;NA;masse unusable 
PR_TA_MA_03_17_090;Pristiapogon_taeniopterus;IMG_0007;;NA;NA;1;1;M;0;0;1;NA;NA;11.6;11;8.6962;0;7.2302;86.962;;72.302;20;19.8;2.8;NA;NA;NA;NA;NA;NA;NA;NA;masse unusable 
PR_TA_MA_03_17_091;Pristiapogon_taeniopterus;IMG_0007;;NA;NA;1;1;M;0;0;1;NA;NA;9.4;8.9;NA;0;6.8965;NA;;68.965;19;19;1.7;NA;NA;NA;NA;NA;NA;NA;NA;masse unusable, tail broken
PR_TA_MA_03_17_092;Pristiapogon_taeniopterus;IMG_0007;;NA;NA;1;1;F;0;0;1;NA;NA;15.7;14.4;8.6132;0;7.6021;86.132;;76.021;20;20.6;3;NA;NA;NA;NA;NA;NA;NA;NA;masse unusable 
PR_TA_MA_03_17_093;Pristiapogon_taeniopterus;IMG_0007;;NA;NA;1;1;F;0;0;1;NA;NA;14.4;13.4;9.6296;0;7.9594;96.296;;79.594;20;20.4;2;NA;NA;NA;NA;NA;NA;NA;NA;masse unusable 
PR_TA_MA_03_17_094;Pristiapogon_taeniopterus;IMG_0007;;NA;NA;1;1;NA;0;0;1;NA;NA;11.1;10.4;8.3917;0;7.2448;83.917;;72.448;19.4;19.5;2.6;NA;NA;NA;NA;NA;NA;NA;NA;masse unusable 
PR_TA_MA_03_17_095;Pristiapogon_taeniopterus;IMG_0007;;NA;NA;1;1;F;0;0;1;NA;NA;14.3;13.2;9.5044;0;7.6924;95.044;;76.924;20.6;20.6;2.8;NA;NA;NA;NA;NA;NA;NA;NA;masse unusable 
PR_TA_MA_03_17_096;Pristiapogon_taeniopterus;IMG_0007;;NA;NA;1;1;M;0;0;1;NA;NA;9.6;9.1;8.4133;0;6.9734;84.133;;69.734;19.4;18.5;2.8;NA;NA;NA;NA;NA;NA;NA;NA;masse unusable 
PR_TA_MA_03_17_097;Pristiapogon_taeniopterus;IMG_0007;;NA;NA;1;1;M;0;0;1;NA;NA;9.5;8.7;8.075;0;6.7168;80.75;;67.168;19.4;18.4;1.7;NA;NA;NA;NA;NA;NA;NA;NA;masse unusable 
PR_TA_MA_03_17_098;Pristiapogon_taeniopterus;IMG_0007;;NA;NA;1;1;M;0;0;1;NA;NA;13.5;12.6;9.3812;0;7.6443;93.812;;76.443;20;20.5;2.1;NA;NA;NA;NA;NA;NA;NA;NA;masse unusable 
PR_TA_MA_03_17_099;Pristiapogon_taeniopterus;IMG_0007;;NA;NA;1;1;M;0;0;1;NA;NA;6.7;6.3;7.7547;0;6.3073;77.547;;63.073;17.4;17.4;2;NA;NA;NA;NA;NA;NA;NA;NA;masse unusable 
PR_TA_MA_03_17_100;Pristiapogon_taeniopterus;IMG_0007;;NA;NA;1;1;NA;0;0;1;NA;NA;4.1;3.9;6.4579;0;5.2503;64.579;;52.503;14.1;15;1.2;NA;NA;NA;NA;NA;NA;NA;NA;masse unusable 
PR_TA_MA_03_17_101;Pristiapogon_taeniopterus;IMG_0007;;NA;NA;1;1;NA;0;0;1;NA;NA;4.6;4.3;7.0012;0;5.6196;70.012;;56.196;14.5;14.9;1.5;NA;NA;NA;NA;NA;NA;NA;NA;masse unusable 
PR_TA_MA_03_17_102;Pristiapogon_taeniopterus;IMG_0007;;NA;NA;1;1;NA;0;0;1;NA;NA;4.6;4.3;6.7221;0;5.531;67.221;;55.31;14.5;14.6;1.5;NA;NA;NA;NA;NA;NA;NA;NA;masse unusable 
PR_TA_MA_03_17_103;Pristiapogon_taeniopterus;IMG_0007;;NA;NA;1;1;NA;0;0;1;NA;NA;3.8;3.5;6.5522;0;5.428;65.522;;54.28;13.6;14.1;1.5;NA;NA;NA;NA;NA;NA;NA;NA;masse unusable 
PR_TA_MA_03_17_104;Pristiapogon_taeniopterus;IMG_0007;;NA;NA;1;1;M;0;0;1;NA;NA;3.2;2.9;6.0682;0;4.8511;60.682;;48.511;12.6;13;1.5;NA;NA;NA;NA;NA;NA;NA;NA;masse unusable 
PR_TA_MA_03_17_105;Pristiapogon_taeniopterus;IMG_0007;;NA;NA;1;1;NA;0;0;1;NA;NA;3.9;3.6;6.0119;0;4.7964;60.119;;47.964;14;13.5;1.3;NA;NA;NA;NA;NA;NA;NA;NA;masse unusable 
PR_TA_MA_03_17_106;Pristiapogon_taeniopterus;IMG_0007;;NA;NA;1;1;NA;0;0;1;NA;NA;2.8;2.8;5.7012;0;4.5896;57.012;;45.896;10;12;1.3;NA;NA;NA;NA;NA;NA;NA;NA;masse unusable 
PR_TA_MA_03_17_107;Pristiapogon_taeniopterus;IMG_0007;;NA;NA;1;1;NA;0;0;1;NA;NA;2;1.7;5.1228;0;4.0291;51.228;;40.291;9;10;0.8;NA;NA;NA;NA;NA;NA;NA;NA;masse unusable 
CA_SE_MA_03_17_120;Caranx_sexfaciatus;IMG_0016;;NA;NA;1;1;F;0;0;1;NA;NA;39.3;36.7;15.5685;13.5259;12.0326;155.685;135.259;120.326;21.1;21.6;4;NA;NA;NA;NA;NA;NA;NA;NA;masse unusable 
CA_SE_MA_03_17_121;Caranx_sexfaciatus;IMG_0016;;NA;NA;1;1;F;0;0;1;NA;NA;29.2;26.9;14.8304;12.7535;11.4146;148.304;127.535;114.146;19.1;21.2;3;NA;NA;NA;NA;NA;NA;NA;NA;masse unusable 
AC_LI_MA_03_17_122;Acanthurus_lineatus;IMG_0017;;NA;NA;1;1;NA;0;0;1;NA;NA;170.2;150.9;21.6293;18.1961;15.8882;216.293;181.961;158.882;12;14.8;0;NA;NA;NA;NA;NA;NA;NA;NA;masse unusable 
VA_LO_MA_03_17_123;Variola_louti;IMG_0019;;NA;NA;1;1;NA;0;0;1;NA;NA;167.5;159.2;23.3429;20.4726;16.9107;233.429;204.726;169.107;40;43;3.5;NA;NA;NA;NA;NA;NA;NA;NA;masse unusable 
AC_NI_MA_03_17_124;Acanthurus_nigricans;IMG_0023;;NA;NA;1;1;M;0;0;1;NA;NA;181.2;152;19.7745;18.7604;16.2886;197.745;187.604;162.886;9.6;11.4;0;NA;NA;NA;NA;NA;NA;NA;NA;masse unusable 
AC_NI_MA_03_17_125;Acanthurus_nigricans;IMG_0023;;NA;NA;1;1;NA;0;0;1;NA;NA;134.3;115.5;19.2358;17.4612;12.5809;192.358;174.612;125.809;9.5;9.5;0;NA;NA;NA;NA;NA;NA;NA;NA;masse unusable 
SA_MI_MA_03_17_126;Sargocentron_microstoma;IMG_0024;;NA;NA;1;1;NA;0;0;1;NA;NA;5.5;5.2;6.9898;6.6319;5.9875;69.898;66.319;59.875;11;10.4;3.5;NA;NA;NA;NA;NA;NA;NA;NA;masse ok
SA_MI_MA_03_17_127;Sargocentron_microstoma;IMG_0024;;NA;NA;1;1;NA;0;0;1;NA;NA;5.1;4.8;6.7704;6.2447;5.5407;67.704;62.447;55.407;10.7;9.8;2.6;NA;NA;NA;NA;NA;NA;NA;NA;masse ok
SA_MI_MA_03_17_128;Sargocentron_microstoma;IMG_0024;;NA;NA;1;1;NA;0;0;1;NA;NA;4.1;3.7;6.4271;6.0623;5.2584;64.271;60.623;52.584;9.9;9.3;2.4;NA;NA;NA;NA;NA;NA;NA;NA;masse ok
SA_MI_MA_03_17_129;Sargocentron_microstoma;IMG_0024;;NA;NA;1;1;NA;0;0;1;NA;NA;3.6;3.2;6.2447;5.7972;5.0244;62.447;57.972;50.244;9.5;9.2;2.4;NA;NA;NA;NA;NA;NA;NA;NA;masse ok
SA_MI_MA_03_17_130;Sargocentron_microstoma;IMG_0024;;NA;NA;1;1;NA;0;0;1;NA;NA;4.2;3.9;6.2983;6.0945;5.1721;62.983;60.945;51.721;10.3;9.9;2.2;NA;NA;NA;NA;NA;NA;NA;NA;masse ok
SA_MI_MA_03_17_131;Sargocentron_microstoma;IMG_0024;;NA;NA;1;1;NA;0;0;1;NA;NA;3.9;3.4;6.3412;6.1481;5.2039;63.412;61.481;52.039;10;10.3;2;NA;NA;NA;NA;NA;NA;NA;NA;masse ok
AC_GU_MA_03_17_132;Acanthurus_guttatus;IMG_0025;;NA;NA;1;1;M;0;0;1;NA;NA;204;185.2;19.4409;18.3513;14.9677;194.409;183.513;149.677;13;14;0;NA;NA;NA;NA;NA;NA;NA;NA;masse unusable 
CH_AB_MA_03_17_133;Chromis_abrupta;IMG_0026;;NA;NA;1;1;NA;0;0;1;NA;NA;8.6;7.6;7.2773;6.7662;5.5441;72.773;67.662;55.441;5.5;5.7;0;NA;NA;NA;NA;NA;NA;NA;NA;masse ok+ parasites
CH_AB_MA_03_17_134;Chromis_abrupta;IMG_0026;;NA;NA;1;1;NA;0;0;1;NA;NA;5.3;4.9;6.8662;6.0663;4.7997;68.662;60.663;47.997;6;6;0;NA;NA;NA;NA;NA;NA;NA;NA;masse ok
CH_AB_MA_03_17_135;Chromis_abrupta;IMG_0026;;NA;NA;1;1;NA;0;0;1;NA;NA;4.2;3.7;6.133;5.6219;4.4775;61.33;56.219;44.775;5;4.7;0;NA;NA;NA;NA;NA;NA;NA;NA;masse ok
BR_MU_MA_03_17_136;Brotula_multibarbata;IMG_0027;;NA;NA;1;1;F;0;0;1;NA;NA;29.6;27.6;15.4545;NA;NA;154.545;NA;NA;19;18;2.6;NA;NA;NA;NA;NA;NA;NA;NA;masse ok
BR_MU_MA_03_17_137;Brotula_multibarbata;IMG_0027;;NA;NA;1;1;F;0;0;1;NA;NA;21.9;20.5;14.3636;NA;NA;143.636;NA;NA;18.2;16.8;1.3;NA;NA;NA;NA;NA;NA;NA;NA;masse ok
BR_MU_MA_03_17_138;Brotula_multibarbata;IMG_0027;;NA;NA;1;1;NA;0;0;1;NA;NA;14.7;13.4;13.013;NA;NA;130.13;NA;NA;15;15.2;0.8;NA;NA;NA;NA;NA;NA;NA;NA;masse ok
BR_MU_MA_03_17_139;Brotula_multibarbata;IMG_0027;;NA;NA;1;1;NA;0;0;1;NA;NA;9.2;7.8;10.7792;NA;NA;107.792;NA;NA;13.5;14.3;1.1;NA;NA;NA;NA;NA;NA;NA;NA;masse ok
BR_MU_MA_03_17_140;Brotula_multibarbata;IMG_0027;;NA;NA;1;1;NA;0;0;1;NA;NA;2.6;0.9;7.4286;NA;NA;74.286;NA;NA;8;8.6;0.2;NA;NA;NA;NA;NA;NA;NA;NA;masse ok
SC_LY_MA_03_17_141;Scombroides_lysan;IMG_0028;;NA;NA;1;1;M;0;0;1;NA;NA;NA;406.5;39.4249;35.6001;32.6907;394.249;356.001;326.907;NA;NA;NA;NA;NA;NA;NA;NA;NA;NA;NA;masse unusable, coupé en deux
CH_LU_MA_03_17_142;Chaetodon_lunula;IMG_0034;;NA;NA;1;1;M;0;0;1;NA;NA;113.8;107.5;16.1991;NA;13.5762;161.991;NA;135.762;10;10.1;1.5;NA;NA;NA;NA;NA;NA;NA;NA;masse unusable 
LU_BO_MA_03_17_143;Lutjanus_bohar;IMG_0033;;NA;NA;1;1;M;0;0;1;NA;NA;67.1;52.6;16.0569;15.0534;13.0249;160.569;150.534;130.249;28;32;3.5;NA;NA;NA;NA;NA;NA;NA;NA;masse unusable 
BO_AX_MA_03_17_144;Bodianus_axillaris;IMG_0029;;NA;NA;1;1;NA;0;0;1;NA;NA;9.6;9.3;8.8938;NA;7.2743;88.938;NA;72.743;7.2;6;2.5;NA;NA;NA;NA;NA;NA;NA;NA;masse ok, juv
ZA_CO_MA_03_17_145;Zanclus_cornutus;IMG_0035;;NA;NA;1;1;NA;0;0;1;NA;NA;191.6;169;18.9677;17.9758;15.2661;189.677;179.758;152.661;16;9;0;NA;NA;NA;NA;NA;NA;NA;NA;masse unusable 
CI_OX_MA_03_17_146;Cirrhitichthys_oxycephalus;IMG_0036;;NA;NA;1;1;M;0;0;1;NA;NA;8;7.3;7.3482;NA;6.0703;73.482;NA;60.703;9.5;9;1;NA;NA;NA;NA;NA;NA;NA;NA;masse ok
CI_OX_MA_03_17_147;Cirrhitichthys_oxycephalus;IMG_0036;;NA;NA;1;1;F;0;0;1;NA;NA;5.5;5.1;7.0799;NA;5.8019;70.799;NA;58.019;8.4;9;1;NA;NA;NA;NA;NA;NA;NA;NA;masse ok
CI_OX_MA_03_17_148;Cirrhitichthys_oxycephalus;IMG_0036;;NA;NA;1;1;F;0;0;1;NA;NA;4.6;4.4;6.5815;NA;5.393;65.815;NA;53.93;7.4;7.4;0.9;NA;NA;NA;NA;NA;NA;NA;NA;masse ok
CI_OX_MA_03_17_149;Cirrhitichthys_oxycephalus;IMG_0036;;NA;NA;1;1;NA;0;0;1;NA;NA;2.9;2.7;5.623;NA;4.6006;56.23;NA;46.006;7.3;6.3;0.7;NA;NA;NA;NA;NA;NA;NA;NA;masse ok
CI_OX_MA_03_17_150;Cirrhitichthys_oxycephalus;IMG_0036;;NA;NA;1;1;F;0;0;1;NA;NA;4.5;4.1;6.2236;NA;4.9968;62.236;NA;49.968;8;7;1.3;NA;NA;NA;NA;NA;NA;NA;NA;masse ok
CI_OX_MA_03_17_151;Cirrhitichthys_oxycephalus;IMG_0036;;NA;NA;1;1;F;0;0;1;NA;NA;4.4;4;NA;NA;5.0607;NA;NA;50.607;8;8.3;0.6;NA;NA;NA;NA;NA;NA;NA;NA;masse ok
CI_OX_MA_03_17_152;Cirrhitichthys_oxycephalus;IMG_0036;;NA;NA;1;1;NA;0;0;1;NA;NA;3.7;3.4;NA;NA;4.9073;NA;NA;49.073;7.6;7;1;NA;NA;NA;NA;NA;NA;NA;NA;masse ok
CI_OX_MA_03_17_153;Cirrhitichthys_oxycephalus;IMG_0036;;NA;NA;1;1;NA;0;0;1;NA;NA;1.7;1.5;4.8307;NA;3.8978;48.307;NA;38.978;6;5.2;0.7;NA;NA;NA;NA;NA;NA;NA;NA;masse ok
PT_TI_MA_03_17_154;Pterocaesio_tile;IMG_0038;;NA;NA;1;1;M;0;0;1;09/03/2017;CIN;30.2;29.1;13.8693;12.9636;10.6158;138.693;129.636;106.158;13;12.3;4.3;NA;NA;NA;NA;NA;NA;NA;NA;masse unusable 
CT_MA_MA_03_17_155;Ctenochaetus_marginatus;IMG_0039;;NA;NA;1;1;NA;0;0;1;NA;NA;115;106.4;18.7578;16.7683;13.5789;187.578;167.683;135.789;20;18;0;NA;NA;NA;NA;NA;NA;NA;NA;masse unusable 
ZA_CO_MA_03_17_156;Zanclus_cornutus;IMG_0040;;NA;NA;1;1;NA;0;0;1;11/03/2017;CB;165.4;136;16.79;15.6707;12.9843;167.9;156.707;129.843;18;9;0;NA;NA;NA;NA;NA;NA;NA;NA;masse unusable 
AC_DU_MA_03_17_157;Acanthurus_dussumieri;IMG_0041;;NA;NA;1;1;NA;0;0;1;NA;NA;430.6;403;27.537;25.2473;22.1028;275.37;252.473;221.028;16;16;0;NA;NA;NA;NA;NA;NA;NA;NA;masse unusable 
AC_OL_MA_03_17_158;Acanthurus_olivaceus;IMG_0042;;NA;NA;1;1;NA;0;0;1;NA;NA;25.6;21.2;11.04;9.9636;8.2764;110.4;99.636;82.764;8.4;10.1;0;NA;NA;NA;NA;NA;NA;NA;NA;masse ok
AC_OL_MA_03_17_159;Acanthurus_olivaceus;IMG_0042;;NA;NA;1;1;NA;0;0;1;NA;NA;12;10;8.6836;8.1164;6.4291;86.836;81.164;64.291;6.5;7.3;0;NA;NA;NA;NA;NA;NA;NA;NA;masse ok
AC_OL_MA_03_17_160;Acanthurus_olivaceus;IMG_0042;;NA;NA;1;1;NA;0;0;1;NA;NA;4.6;4.1;6.2691;5.9491;4.7418;62.691;59.491;47.418;5;6.5;0;NA;NA;NA;NA;NA;NA;NA;NA;masse ok
AC_OL_MA_03_17_161;Acanthurus_olivaceus;IMG_0042;;NA;NA;1;1;NA;0;0;1;NA;NA;3.6;3.2;5.5709;5.2509;4.2182;55.709;52.509;42.182;5.5;5;0;NA;NA;NA;NA;NA;NA;NA;NA;masse ok
AC_OL_MA_03_17_162;Acanthurus_olivaceus;IMG_0042;;NA;NA;1;1;NA;0;0;1;NA;NA;3.5;2.9;5.3818;5.0909;4.1309;53.818;50.909;41.309;4.8;5.2;0;NA;NA;NA;NA;NA;NA;NA;NA;masse ok
LU_KA_MA_03_17_163;Lutjanus_kasmira;IMG_0043;;NA;NA;1;1;NA;0;0;1;NA;NA;40.7;37;14.2723;13.3625;11.2586;142.723;133.625;112.586;21.2;23.1;2;NA;NA;NA;NA;NA;NA;NA;NA;masse unusable, 1 poisson dans estomac
AC_LI_MA_03_17_164;Acanthurus_lineatus;IMG_0044;;NA;NA;0;1;NA;0;0;1;NA;CIN;41.8;37.8;13.5446;11.5973;9.4586;135.446;115.973;94.586;8.5;10.5;0;NA;NA;NA;NA;NA;NA;NA;NA;masse unusable 
AC_LI_MA_03_17_165;Acanthurus_lineatus;IMG_0044;;NA;NA;1;1;NA;0;0;1;NA;CIN;35.3;31.3;12.2754;11.2147;9.5803;122.754;112.147;95.803;8;9.5;0;NA;NA;NA;NA;NA;NA;NA;NA;masse unusable 
AC_LI_MA_03_17_166;Acanthurus_lineatus;IMG_0044;;NA;NA;1;1;NA;0;0;1;NA;CIN;48.9;43.8;13.9445;12.3797;10.5193;139.445;123.797;105.193;9;11.4;0;NA;NA;NA;NA;NA;NA;NA;NA;masse unusable 
AB_SO_MA_03_17_167;Abudefduf_sordidus;IMG_0045;;NA;NA;1;1;NA;0;0;1;NA;NA;268.8;260.8;21.6164;20.3836;17.0411;216.164;203.836;170.411;19.5;19.3;2.5;NA;NA;NA;NA;NA;NA;NA;NA;masse unusable 
CH_OR_MA_03_17_168;Chaetodon_ornatissimus;IMG_0046;;NA;NA;1;1;NA;0;0;1;NA;NA;132.8;116.7;15.4247;NA;13.2877;154.247;NA;132.877;14.4;11.4;0;NA;NA;NA;NA;NA;NA;NA;NA;masse unusable 
CH_OR_MA_03_17_169;Chaetodon_ornatissimus;IMG_0046;;NA;NA;1;1;NA;0;0;1;NA;NA;114.5;104.9;16.0274;NA;13.5616;160.274;NA;135.616;13;13;0;NA;NA;NA;NA;NA;NA;NA;NA;masse unusable 
AC_NI_MA_03_17_170;Acanthurus_nigricans;IMG_0047;;NA;NA;1;1;NA;0;0;1;NA;NA;183.8;156.7;18.9957;17.8213;15.3702;189.957;178.213;153.702;10;13;0;NA;NA;NA;NA;NA;NA;NA;NA;masse unusable 
AC_NI_MA_03_17_171;Acanthurus_nigricans;IMG_0047;;NA;NA;1;1;F;0;0;1;NA;NA;192.6;161.6;19.2;18.1277;15.4468;192;181.277;154.468;10;12;0;NA;NA;NA;NA;NA;NA;NA;NA;masse unusable 
BR_MU_MA_03_17_172;Brotula_multibarbata;IMG_0048;;NA;NA;1;1;NA;0;0;1;NA;NA;133.8;125.5;23.337;NA;NA;233.37;NA;NA;30;31;2;NA;NA;NA;NA;NA;NA;NA;NA;masse ok
BR_MU_MA_03_17_173;Brotula_multibarbata;IMG_0048;;NA;NA;1;1;NA;0;0;1;NA;NA;18.7;17.2;13.558;NA;NA;135.58;NA;NA;16;17;1.6;NA;NA;NA;NA;NA;NA;NA;NA;masse ok
BR_MU_MA_03_17_174;Brotula_multibarbata;IMG_0048;;NA;NA;1;1;NA;0;0;1;NA;NA;3.6;3.5;8.3867;NA;NA;83.867;NA;NA;10.3;10.3;1;NA;NA;NA;NA;NA;NA;NA;NA;masse ok
BR_MU_MA_03_17_175;Brotula_multibarbata;IMG_0048;;NA;NA;1;1;NA;0;0;1;NA;NA;1;0.9;5.9669;NA;NA;59.669;NA;NA;0.6;0.6;0.1;NA;NA;NA;NA;NA;NA;NA;NA;masse ok
CH_CI_MA_03_17_176;Chaetodon_citrinellus;IMG_0050;;NA;NA;1;1;NA;0;0;1;NA;NA;10.4;9.7;7.6421;NA;6.6883;76.421;NA;66.883;4.3;3.4;0.1;NA;NA;NA;NA;NA;NA;NA;NA;masse ok
PS_RE_MA_03_17_177;Pseudoanthias_regalis;IMG_0051;;NA;NA;1;1;NA;0;0;1;NA;NA;5;4.6;7.6429;6.1094;5.3243;76.429;61.094;53.243;11.6;10;1.6;NA;NA;NA;NA;NA;NA;NA;NA;masse ok
PS_RE_MA_03_17_178;Pseudoanthias_regalis;IMG_0051;;NA;NA;1;1;NA;0;0;1;NA;NA;5.2;4.6;7.7656;6.3302;5.4347;77.656;63.302;54.347;9.4;10.4;1.2;NA;NA;NA;NA;NA;NA;NA;NA;masse ok
PS_RE_MA_03_17_179;Pseudoanthias_regalis;IMG_0051;;NA;NA;1;1;NA;0;0;1;NA;NA;2.1;1.8;6.0971;4.9439;4.2692;60.971;49.439;42.692;8;7.1;0.8;NA;NA;NA;NA;NA;NA;NA;NA;masse ok
PS_RE_MA_03_17_180;Pseudoanthias_regalis;IMG_0051;;NA;NA;0;1;NA;0;0;1;NA;NA;1.3;1.2;4.8949;4.3183;3.5822;48.949;43.183;35.822;7;6.5;0.7;NA;NA;NA;NA;NA;NA;NA;NA;masse ok
PS_RE_MA_03_17_181;Pseudoanthias_regalis;IMG_0051;;NA;NA;0;1;NA;0;0;1;NA;NA;1.5;1.2;5.3243;4.3919;3.7662;53.243;43.919;37.662;7.4;6;0.5;NA;NA;NA;NA;NA;NA;NA;NA;masse ok
AC_PY_MA_03_17_182;Acanthurus_pyroferus;IMG_0052;;NA;NA;1;1;NA;0;0;1;NA;NA;7.9;6.6;7.5745;7.1608;5.8068;75.745;71.608;58.068;5;6.4;0;NA;NA;NA;NA;NA;NA;NA;NA;masse ok
AC_PY_MA_03_17_183;Acanthurus_pyroferus;IMG_0052;;NA;NA;1;1;NA;0;0;1;NA;NA;5.1;4.3;6.3835;6.0333;4.8131;63.835;60.333;48.131;4.9;5.5;0;NA;NA;NA;NA;NA;NA;NA;NA;masse ok
AC_PY_MA_03_17_184;Acanthurus_pyroferus;IMG_0052;;NA;NA;1;1;NA;0;0;1;NA;NA;3.1;2.6;5.3911;5.1031;4.1224;53.911;51.031;41.224;3.5;4.4;0;NA;NA;NA;NA;NA;NA;NA;NA;masse ok, parasites
CH_AB_MA_03_17_185;Chromis_abrupta;IMG_0053;;NA;NA;1;1;NA;0;0;1;NA;NA;5;4.8;6.5056;5.9388;4.7318;65.056;59.388;47.318;5;4.5;0;NA;NA;NA;NA;NA;NA;NA;NA;masse ok
CH_AB_MA_03_17_186;Chromis_abrupta;IMG_0053;;NA;NA;1;1;NA;0;0;1;NA;NA;3.8;3.6;6.4806;5.4714;4.4553;64.806;54.714;44.553;4.9;4.3;0;NA;NA;NA;NA;NA;NA;NA;NA;masse ok
CH_AB_MA_03_17_187;Chromis_abrupta;IMG_0053;;NA;NA;1;1;NA;0;0;1;NA;NA;2.5;2.3;5.3916;4.6902;3.9673;53.916;46.902;39.673;4;4.3;0;NA;NA;NA;NA;NA;NA;NA;NA;masse ok
CH_AB_MA_03_17_188;Chromis_abrupta;IMG_0053;;NA;NA;1;1;NA;0;0;1;NA;NA;2.7;2.4;5.4943;4.739;3.9509;54.943;47.39;39.509;4.5;4.5;0;NA;NA;NA;NA;NA;NA;NA;NA;masse ok
AP_MA_MA_03_17_189;Apogon_marquesensis;IMG_0054;;NA;NA;1;1;NA;0;0;1;NA;NA;4;3.8;5.9106;5.6257;4.8424;59.106;56.257;48.424;16;15.3;1.2;NA;NA;NA;NA;NA;NA;NA;NA;masse ok, parasites
AP_MA_MA_03_17_190;Apogon_marquesensis;IMG_0054;;NA;NA;1;1;NA;0;0;1;NA;NA;4.5;4.1;6.3616;5.958;5.0798;63.616;59.58;50.798;16.3;16;1.6;NA;NA;NA;NA;NA;NA;NA;NA;masse ok, parasites
AP_MA_MA_03_17_191;Apogon_marquesensis;IMG_0054;;NA;NA;1;1;NA;0;0;1;NA;NA;3.2;3.1;5.7681;5.5545;4.5813;57.681;55.545;45.813;15.5;15;1.2;NA;NA;NA;NA;NA;NA;NA;NA;masse ok, parasites
AP_MA_MA_03_17_192;Apogon_marquesensis;IMG_0054;;NA;NA;1;1;NA;0;0;1;NA;NA;4.4;3.9;6.4803;6.1835;4.9255;64.803;61.835;49.255;16;16.4;1.6;NA;NA;NA;NA;NA;NA;NA;NA;masse ok, parasites
AP_MA_MA_03_17_193;Apogon_marquesensis;IMG_0055;;NA;NA;1;1;NA;0;0;1;NA;NA;8.8;7.9;8.1828;7.7419;6.5054;81.828;77.419;65.054;20;20;2.8;NA;NA;NA;NA;NA;NA;NA;NA;masse ok, parasites
AP_MA_MA_03_17_194;Apogon_marquesensis;IMG_0055;;NA;NA;1;1;NA;0;0;1;NA;NA;8.3;6.8;8.2366;7.871;6.7097;82.366;78.71;67.097;20;20;2.4;NA;NA;NA;NA;NA;NA;NA;NA;masse ok, parasites
AP_MA_MA_03_17_195;Apogon_marquesensis;IMG_0055;;NA;NA;1;1;NA;0;0;1;NA;NA;8;6.9;7.828;7.4301;6.1828;78.28;74.301;61.828;19.4;18.6;1.8;NA;NA;NA;NA;NA;NA;NA;NA;masse ok, parasites
AP_MA_MA_03_17_196;Apogon_marquesensis;IMG_0055;;NA;NA;1;1;NA;0;0;1;NA;NA;9;7.9;7.8294;NA;6.7257;78.294;NA;67.257;19.7;19.2;1.8;NA;NA;NA;NA;NA;NA;NA;NA;masse ok, parasites
AP_MA_MA_03_17_197;Apogon_marquesensis;IMG_0055;;NA;NA;1;1;NA;0;0;1;NA;NA;8.8;8;8.0471;7.316;6.6249;80.471;73.16;66.249;17;19.2;1.3;NA;NA;NA;NA;NA;NA;NA;NA;masse ok, parasites
AP_MA_MA_03_17_198;Apogon_marquesensis;IMG_0055;;NA;NA;1;1;NA;0;0;1;NA;NA;6.7;6.1;7.5317;7.0554;5.8404;75.317;70.554;58.404;19.4;17.4;1.8;NA;NA;NA;NA;NA;NA;NA;NA;masse ok, parasites
AP_MA_MA_03_17_199;Apogon_marquesensis;IMG_0055;;NA;NA;1;1;NA;0;0;1;NA;NA;8.9;7.8;8.0268;7.2657;6.2196;80.268;72.657;62.196;20.2;17.2;1.6;NA;NA;NA;NA;NA;NA;NA;NA;masse ok, parasites
AP_MA_MA_03_17_200;Apogon_marquesensis;IMG_0055;;NA;NA;1;1;NA;0;0;1;NA;NA;3.3;3;5.1025;4.7761;3.9318;51.025;47.761;39.318;14.4;14;1;NA;NA;NA;NA;NA;NA;NA;NA;masse ok
AP_MA_MA_03_17_201;Apogon_marquesensis;IMG_0055;;NA;NA;1;1;NA;0;0;1;NA;NA;4.3;3.8;5.6559;5.3024;4.2867;56.559;53.024;42.867;15;14.6;1.1;NA;NA;NA;NA;NA;NA;NA;NA;masse ok
AP_MA_MA_03_17_202;Apogon_marquesensis;IMG_0055;;NA;NA;1;1;NA;0;0;1;NA;NA;2.3;2;4.8364;4.4588;3.747;48.364;44.588;37.47;13.7;13;1.3;NA;NA;NA;NA;NA;NA;NA;NA;masse ok
GY_FI_MA_03_17_203;Gymnothorax_fimbriatus;IMG_0056;;NA;NA;1;1;NA;0;0;1;NA;NA;NA;846.3;76.39;NA;NA;763.9;NA;NA;78;45;0;NA;NA;NA;NA;NA;NA;NA;NA;masse unusable, parasites, 1 Apogon marquesensis dans estomac
MY_BE_MA_03_17_204;Myripristis_berndti;IMG_0058;;NA;NA;1;1;NA;0;0;1;NA;NA;NA;238.1;24.1818;21.6758;19.1977;241.818;216.758;191.977;52;58;7;NA;NA;NA;NA;NA;NA;NA;NA;masse unusable
MY_BE_MA_03_17_205;Myripristis_berndti;IMG_0058;;NA;NA;1;1;NA;0;0;1;NA;NA;NA;231.7;24.514;22.705;19.6038;245.14;227.05;196.038;49;52;4;NA;NA;NA;NA;NA;NA;NA;NA;masse unusable
MY_BE_MA_03_17_206;Myripristis_berndti;IMG_0059;;NA;NA;1;1;NA;0;0;1;NA;NA;NA;212.5;22.6304;20.0156;18.0856;226.304;200.156;180.856;45;46;4;NA;NA;NA;NA;NA;NA;NA;NA;masse unusable
MY_BE_MA_03_17_207;Myripristis_berndti;IMG_0059;;NA;NA;1;1;NA;0;0;1;NA;NA;NA;188.2;23.4086;21.1984;18.2412;234.086;211.984;182.412;48;48;4.7;NA;NA;NA;NA;NA;NA;NA;NA;masse unusable
MY_BE_MA_03_17_208;Myripristis_berndti;IMG_0060;;NA;NA;1;1;NA;0;0;1;NA;NA;NA;257.1;24.6806;22.6388;19.3075;246.806;226.388;193.075;52.3;53;6.3;NA;NA;NA;NA;NA;NA;NA;NA;masse unusable
MY_BE_MA_03_17_209;Myripristis_berndti;IMG_0060;;NA;NA;1;1;NA;0;0;1;NA;NA;NA;245.8;24.2149;22.0299;19.2358;242.149;220.299;192.358;49;54;4.6;NA;NA;NA;NA;NA;NA;NA;NA;masse unusable
MY_BE_MA_03_17_210;Myripristis_berndti;IMG_0061;;NA;NA;1;1;NA;0;0;1;NA;NA;NA;140.5;20.6364;18.3636;15.9091;206.364;183.636;159.091;45;46;4;NA;NA;NA;NA;NA;NA;NA;NA;masse unusable
MY_BE_MA_03_17_211;Myripristis_berndti;IMG_0061;;NA;NA;1;1;NA;0;0;1;NA;NA;NA;74.3;16.5455;14.8182;13.4242;165.455;148.182;134.242;39;42;4;NA;NA;NA;NA;NA;NA;NA;NA;masse unusable
SA_CA_MA_03_17_212;Sargocentron_caudimaculatum;IMG_0062;;NA;NA;1;1;NA;0;0;1;NA;NA;NA;308.5;25.2892;22.3881;20.0145;252.892;223.881;200.145;32;36;8.6;NA;NA;NA;NA;NA;NA;NA;NA;masse unusable
BR_MU_MA_03_17_213;Brotula_multibarbata;IMG_0063;;NA;NA;1;1;NA;0;0;1;NA;NA;NA;133.6;24.121;NA;NA;241.21;NA;NA;32;38;1.5;NA;NA;NA;NA;NA;NA;NA;NA;masse unusable
LU_KA_MA_03_17_224;Lutjanus_kasmira;IMG_0078;;NA;NA;1;1;NA;0;0;1;NA;NA;6.8;6.3;7.6702;7.2688;5.9211;76.702;72.688;59.211;14;14;1;NA;NA;NA;NA;NA;NA;NA;NA;masse ok
LU_KA_MA_03_17_225;Lutjanus_kasmira;IMG_0078;;NA;NA;1;1;NA;0;0;1;NA;NA;6.8;6.2;7.6762;7.2667;6.0123;76.762;72.667;60.123;13.8;14.1;1;NA;NA;NA;NA;NA;NA;NA;NA;masse ok
LU_KA_MA_03_17_226;Lutjanus_kasmira;IMG_0078;;NA;NA;1;1;NA;0;0;1;NA;NA;9.9;9;8.2581;NA;6.6258;82.581;NA;66.258;14.9;14.8;1.5;NA;NA;NA;NA;NA;NA;NA;NA;masse ok
LU_KA_MA_03_17_227;Lutjanus_kasmira;IMG_0078;;NA;NA;1;1;NA;0;0;1;NA;NA;9.2;8.2;8.381;8.0348;6.5496;83.81;80.348;65.496;13.7;14.9;1.5;NA;NA;NA;NA;NA;NA;NA;NA;masse ok
LU_KA_MA_03_17_228;Lutjanus_kasmira;IMG_0078;;NA;NA;1;1;NA;0;0;1;NA;NA;11.8;10.7;8.9364;8.5362;7.1974;89.364;85.362;71.974;15;16;1.4;NA;NA;NA;NA;NA;NA;NA;NA;masse ok
LU_KA_MA_03_17_229;Lutjanus_kasmira;IMG_0078;;NA;NA;1;1;M;0;0;1;NA;NA;13.1;11.1;9.0043;8.5625;7.2065;90.043;85.625;72.065;15;14.7;1;NA;NA;NA;NA;NA;NA;NA;NA;masse ok
LU_KA_MA_03_17_230;Lutjanus_kasmira;IMG_0078;;NA;NA;1;1;NA;0;0;1;NA;NA;11.3;10;8.3091;8.0217;6.8084;83.091;80.217;68.084;15;15;0.8;NA;NA;NA;NA;NA;NA;NA;NA;masse ok
LU_KA_MA_03_17_231;Lutjanus_kasmira;IMG_0078;;NA;NA;1;1;NA;0;0;1;NA;NA;13.2;11.8;9.5916;9.2617;7.4945;95.916;92.617;74.945;11.5;12.6;2;NA;NA;NA;NA;NA;NA;NA;NA;masse ok
LU_KA_MA_03_17_232;Lutjanus_kasmira;IMG_0078;;NA;NA;1;1;NA;0;0;1;NA;NA;14.1;12.5;9.7429;9.2584;8.0192;97.429;92.584;80.192;14.6;15.1;1.5;NA;NA;NA;NA;NA;NA;NA;NA;masse ok
LU_KA_MA_03_17_233;Lutjanus_kasmira;IMG_0078;;NA;NA;1;1;M;0;0;1;NA;NA;15.5;14.1;9.951;9.4502;7.9751;99.51;94.502;79.751;15.7;17.2;1.4;NA;NA;NA;NA;NA;NA;NA;NA;masse ok
LU_KA_MA_03_17_234;Lutjanus_kasmira;IMG_0078;;NA;NA;1;1;M;0;0;1;NA;NA;27.1;25.2;12.3141;11.6559;9.7572;123.141;116.559;97.572;20;20.5;1.4;NA;NA;NA;NA;NA;NA;NA;NA;masse ok
LU_KA_MA_03_17_235;Lutjanus_kasmira;IMG_0078;;NA;NA;1;1;NA;0;0;1;NA;NA;28.3;26.8;12.3089;11.8786;9.7596;123.089;118.786;97.596;20.6;21;1.5;NA;NA;NA;NA;NA;NA;NA;NA;masse ok
LU_KA_MA_03_17_236;Lutjanus_kasmira;IMG_0078;;NA;NA;1;1;F;0;0;1;NA;NA;41.2;37.6;13.582;13.0317;11.2345;135.82;130.317;112.345;23;22;2.6;NA;NA;NA;NA;NA;NA;NA;NA;masse ok, 1 poisson (tete) dans estomac et des debris de bois
LU_GI_MA_03_17_237;Lutjanus_gibbus;IMG_0080;;NA;NA;1;1;M;0;0;1;09/03/2017;CIN;44.7;42.1;13.7604;13.3563;10.3575;137.604;133.563;103.575;21.4;22;2.5;NA;NA;NA;NA;NA;NA;NA;NA;masse unusable
LU_GI_MA_03_17_238;Lutjanus_gibbus;IMG_0080;;NA;NA;1;1;M;0;0;1;09/03/2017;CIN;61.3;57.4;15.5469;14.6111;12.4631;155.469;146.111;124.631;23.4;25.5;1.5;NA;NA;NA;NA;NA;NA;NA;NA;masse unusable
LU_GI_MA_03_17_239;Lutjanus_gibbus;IMG_0080;;NA;NA;1;1;NA;0;0;1;09/03/2017;CIN;43.4;40.4;14.1432;13.3351;10.6553;141.432;133.351;106.553;21.6;23;2;NA;NA;NA;NA;NA;NA;NA;NA;masse unusable
LU_GI_MA_03_17_240;Lutjanus_gibbus;IMG_0080;;NA;NA;1;1;M;0;0;1;09/03/2017;CIN;43.5;41.1;13.9731;13.1649;10.6553;139.731;131.649;106.553;22.2;23.1;1.3;NA;NA;NA;NA;NA;NA;NA;NA;masse unusable
LU_GI_MA_03_17_241;Lutjanus_gibbus;IMG_0080;;NA;NA;1;1;NA;0;0;1;09/03/2017;CIN;34.2;31.4;12.5907;11.7187;9.443;125.907;117.187;94.43;21;23;2;NA;NA;NA;NA;NA;NA;NA;NA;masse unusable
LU_GI_MA_03_17_242;Lutjanus_gibbus;IMG_0080;;NA;NA;1;1;M;0;0;1;09/03/2017;CIN;41.4;38.4;13.6966;12.7396;10.9956;136.966;127.396;109.956;22;24;2.1;NA;NA;NA;NA;NA;NA;NA;NA;masse unusable
LU_GI_MA_03_17_243;Lutjanus_gibbus;IMG_0080;;NA;NA;1;1;NA;0;0;1;09/03/2017;CIN;46.4;42.7;13.803;13.3776;10.7404;138.03;133.776;107.404;22;25;1.5;NA;NA;NA;NA;NA;NA;NA;NA;masse unusable
LU_GI_MA_03_17_244;Lutjanus_gibbus;IMG_0080;;NA;NA;1;1;NA;0;0;1;09/03/2017;CIN;30.3;27.4;12.4546;11.5579;9.993;124.546;115.579;99.93;21;23;1.5;NA;NA;NA;NA;NA;NA;NA;NA;masse unusable
LU_GI_MA_03_17_245;Lutjanus_gibbus;IMG_0081;;NA;NA;1;0;NA;0;0;1;09/03/2017;CIN;34.4;31.7;13.1599;12.3103;10.8018;131.599;123.103;108.018;20;21;1.5;NA;NA;NA;NA;NA;NA;NA;NA;masse unusable, pas de cnp car plus de 50 % du poisson manquant
LU_GI_MA_03_17_246;Lutjanus_gibbus;IMG_0081;;NA;NA;1;0;NA;0;0;1;09/03/2017;CIN;26.1;23.5;11.8425;11.3179;9.4703;118.425;113.179;94.703;19.3;20.4;1.5;NA;NA;NA;NA;NA;NA;NA;NA;masse unusable, pas de cnp car plus de 50 % du poisson manquant
LU_GI_MA_03_17_247;Lutjanus_gibbus;IMG_0081;;NA;NA;1;0;NA;0;0;1;09/03/2017;CIN;23;20.4;11.3064;10.6198;8.6954;113.064;106.198;86.954;19;19;1.5;NA;NA;NA;NA;NA;NA;NA;NA;masse unusable, pas de cnp car plus de 50 % du poisson manquant
PA_BA_MA_03_17_265;Parupeneus_barberinus;IMG_0102;;NA;NA;1;1;NA;0;0;1;NA;NA;7.1;6.6;8.5936;NA;6.6542;85.936;NA;66.542;10;10.3;1.5;NA;NA;NA;NA;NA;NA;NA;NA;masse ok
PA_BA_MA_03_17_266;Parupeneus_barberinus;IMG_0102;;NA;NA;1;1;NA;0;0;1;NA;NA;6.4;6;8.1567;NA;6.4654;81.567;NA;64.654;10;10.5;2;NA;NA;NA;NA;NA;NA;NA;NA;masse ok
PA_BA_MA_03_17_267;Parupeneus_barberinus;IMG_0102;;NA;NA;1;1;NA;0;0;1;NA;NA;6.3;5.9;8.3949;NA;6.4352;83.949;NA;64.352;10.1;12;1.2;NA;NA;NA;NA;NA;NA;NA;NA;masse ok
PA_BA_MA_03_17_268;Parupeneus_barberinus;IMG_0102;;NA;NA;1;1;NA;0;0;1;NA;NA;9.3;8.7;9.2233;NA;7.546;92.233;NA;75.46;11.5;12.6;2;NA;NA;NA;NA;NA;NA;NA;NA;masse ok
PA_BA_MA_03_17_269;Parupeneus_barberinus;IMG_0102;;NA;NA;1;1;NA;0;0;1;NA;NA;8.3;8;9.4294;NA;7.3896;94.294;NA;73.896;11.4;11.5;1.4;NA;NA;NA;NA;NA;NA;NA;NA;masse ok
PA_BA_MA_03_17_270;Parupeneus_barberinus;IMG_0102;;NA;NA;1;1;NA;0;0;1;NA;NA;9.9;9.3;9.929;NA;7.8537;99.29;NA;78.537;12;13.5;1.4;NA;NA;NA;NA;NA;NA;NA;NA;masse ok
PA_BA_MA_03_17_271;Parupeneus_barberinus;IMG_0102;;NA;NA;1;1;NA;0;0;1;NA;NA;18.8;17.9;11.0658;NA;8.8313;110.658;NA;88.313;15.4;15.6;2.4;NA;NA;NA;NA;NA;NA;NA;NA;masse ok
PA_BA_MA_03_17_272;Parupeneus_barberinus;IMG_0102;;NA;NA;1;1;NA;0;0;1;NA;NA;26.9;25.7;11.6596;NA;9.2313;116.596;NA;92.313;15.6;15.4;2.7;NA;NA;NA;NA;NA;NA;NA;NA;masse ok
PA_BA_MA_03_17_273;Parupeneus_barberinus;IMG_0102;;NA;NA;1;1;NA;0;0;1;NA;NA;209.6;188.6;22.7614;NA;18.4373;227.614;NA;184.373;32.6;33;3.6;NA;NA;NA;NA;NA;NA;NA;NA;masse ok
OS_AP_MA_03_17_274;Ostorhinchus_apogonides;IMG_0103;;NA;NA;1;1;NA;0;0;1;NA;NA;1.6;1.6;5.2214;NA;4.0283;52.214;NA;40.283;13.4;11;1;NA;NA;NA;NA;NA;NA;NA;NA;masse ok
OS_AP_MA_03_17_275;Ostorhinchus_apogonides;IMG_0103;;NA;NA;1;1;NA;0;0;1;NA;NA;2;1.5;5.7063;NA;4.5238;57.063;NA;45.238;15.5;11.6;2.7;NA;NA;NA;NA;NA;NA;NA;NA;masse ok
OS_AP_MA_03_17_276;Ostorhinchus_apogonides;IMG_0103;;NA;NA;1;1;NA;0;0;1;NA;NA;1.7;1.7;5.3593;NA;4.0959;53.593;NA;40.959;13;11.6;2.7;NA;NA;NA;NA;NA;NA;NA;NA;masse ok
OS_AP_MA_03_17_277;Ostorhinchus_apogonides;IMG_0103;;NA;NA;1;1;NA;0;0;1;NA;NA;3.8;1.9;6.9322;NA;5.1853;69.322;NA;51.853;16.3;15.7;2;NA;NA;NA;NA;NA;NA;NA;NA;masse ok, parasites
OS_AP_MA_03_17_278;Ostorhinchus_apogonides;IMG_0103;;NA;NA;1;1;NA;0;0;1;NA;NA;3.3;3.1;6.6043;NA;5.0952;66.043;NA;50.952;15.9;17.5;2.6;NA;NA;NA;NA;NA;NA;NA;NA;masse ok
OS_AP_MA_03_17_279;Ostorhinchus_apogonides;IMG_0103;;NA;NA;1;1;NA;0;0;1;NA;NA;4.2;3.9;6.9029;NA;5.3617;69.029;NA;53.617;17;15.5;2.4;NA;NA;NA;NA;NA;NA;NA;NA;masse ok, parasites
OS_AP_MA_03_17_280;Ostorhinchus_apogonides;IMG_0103;;NA;NA;1;1;NA;0;0;0;NA;NA;6.7;6.3;7.6847;NA;5.9186;76.847;NA;59.186;19;22;2.6;NA;NA;NA;NA;NA;NA;NA;NA;masse ok
OS_AP_MA_03_17_281;Ostorhinchus_apogonides;IMG_0103;;NA;NA;1;1;NA;0;0;1;NA;NA;5.2;4.9;7.2719;NA;5.5644;72.719;NA;55.644;18.5;19.4;2.4;NA;NA;NA;NA;NA;NA;NA;NA;masse ok, parasites
OS_AP_MA_03_17_282;Ostorhinchus_apogonides;IMG_0103;;NA;NA;1;1;NA;0;0;0;NA;NA;4.3;3.9;6.7992;NA;5.4138;67.992;NA;54.138;16.5;17;2.4;NA;NA;NA;NA;NA;NA;NA;NA;masse ok
OS_AP_MA_03_17_283;Ostorhinchus_apogonides;IMG_0103;;NA;NA;1;1;NA;0;0;1;NA;NA;5.4;5.2;7.7571;NA;6.045;77.571;NA;60.45;18.4;18.8;2.5;NA;NA;NA;NA;NA;NA;NA;NA;masse ok
OS_AP_MA_03_17_284;Ostorhinchus_apogonides;IMG_0103;;NA;NA;1;1;M;0;0;1;NA;NA;10.9;9.9;8.92;NA;7.2491;89.2;NA;72.491;22;22.6;3.9;NA;NA;NA;NA;NA;NA;NA;NA;masse ok
OS_AP_MA_03_17_285;Ostorhinchus_apogonides;IMG_0103;;NA;NA;1;1;NA;0;0;1;NA;NA;10.1;9.6;8.8611;NA;6.9056;88.611;NA;69.056;21.4;23;3.5;NA;NA;NA;NA;NA;NA;NA;NA;masse ok
OS_AP_MA_03_17_286;Ostorhinchus_apogonides;IMG_0103;;NA;NA;1;1;M;0;0;1;NA;NA;10.6;9.5;8.6933;NA;7.0613;86.933;NA;70.613;21.6;23.4;2.7;NA;NA;NA;NA;NA;NA;NA;NA;masse ok
OS_AP_MA_03_17_287;Ostorhinchus_apogonides;IMG_0103;;NA;NA;1;1;NA;0;0;1;NA;NA;10.3;9.7;8.8595;NA;6.7935;88.595;NA;67.935;21.7;23.8;2.8;NA;NA;NA;NA;NA;NA;NA;NA;masse ok
OS_AP_MA_03_17_288;Ostorhinchus_apogonides;IMG_0103;;NA;NA;1;1;M;0;0;1;NA;NA;8.1;7.5;8.5338;NA;6.6159;85.338;NA;66.159;21.4;19.6;2.5;NA;NA;NA;NA;NA;NA;NA;NA;masse ok
OS_AP_MA_03_17_289;Ostorhinchus_apogonides;IMG_0103;;NA;NA;1;1;NA;0;0;1;NA;NA;9.5;8.9;8.36;NA;6.5911;83.6;NA;65.911;21.6;20.7;2.4;NA;NA;NA;NA;NA;NA;NA;NA;masse ok
OS_AP_MA_03_17_290;Ostorhinchus_apogonides;IMG_0103;;NA;NA;1;1;M;0;0;1;NA;NA;10.4;9.3;8.9167;NA;7.2045;89.167;NA;72.045;21.4;22.1;3;NA;NA;NA;NA;NA;NA;NA;NA;masse ok, parasites
OS_AP_MA_03_17_291;Ostorhinchus_apogonides;IMG_0103;;NA;NA;1;1;M;0;0;1;NA;NA;10.7;10.1;9.2074;NA;7.3403;92.074;NA;73.403;23.6;24.5;2.5;NA;NA;NA;NA;NA;NA;NA;NA;masse ok
OS_AP_MA_03_17_292;Ostorhinchus_apogonides;IMG_0103;;NA;NA;1;1;M;0;0;1;NA;NA;10.8;10;9.0239;NA;7.1376;90.239;NA;71.376;22.3;23.8;3.2;NA;NA;NA;NA;NA;NA;NA;NA;masse ok, parasites
OS_AP_MA_03_17_293;Ostorhinchus_apogonides;IMG_0103;;NA;NA;1;1;F;0;0;1;NA;NA;14.8;12.6;9.5574;NA;7.6952;95.574;NA;76.952;23.3;24.9;3.2;NA;NA;NA;NA;NA;NA;NA;NA;masse ok
SA_TI_MA_03_17_294;Sargocentron_tiere;IMG_0104;;NA;NA;1;1;M;0;1;1;09/03/2017;CIN;248.1;227.8;23.467;21.3864;19.1365;234.67;213.864;191.365;30;34.3;8.3;171.769;2.501;2;1.7;2.828;2.298;NA;NA;masse unsable
AC_PY_MA_03_17_302;Acanthurus_pyroferus;IMG_0118;IMG_0119;NA;NA;1;1;NA;0;0;1;09/03/2017;CIN;2.5;2.2;5.1176;NA;3.9137;51.176;NA;39.137;NA;NA;NA;;;;;;;;;masse ok
AC_PY_MA_03_17_303;Acanthurus_pyroferus;IMG_0118;IMG_0121;NA;NA;1;1;NA;0;0;1;09/03/2017;CIN;4;3.3;5.8307;NA;4.5804;58.307;NA;45.804;NA;NA;NA;;;;;;;;;masse ok
AC_PY_MA_03_17_304;Acanthurus_pyroferus;IMG_0118;IMG_0122;NA;NA;1;1;NA;0;0;1;09/03/2017;CIN;4.7;4.1;6.2406;NA;4.6439;62.406;NA;46.439;NA;NA;NA;;;;;;;;;masse ok
AC_PY_MA_03_17_305;Acanthurus_pyroferus;IMG_0118;IMG_0123;NA;NA;1;1;NA;0;0;1;09/03/2017;CIN;5.6;4.7;6.4686;NA;4.9121;64.686;NA;49.121;NA;NA;NA;;;;;;;;;masse ok, 1 oto gauche
AC_PY_MA_03_17_306;Acanthurus_pyroferus;IMG_0118;IMG_0124;NA;NA;1;1;NA;0;0;1;09/03/2017;CIN;5.3;4.6;6.3505;NA;4.9356;63.505;NA;49.356;NA;NA;NA;;;;;;;;;masse ok
AC_PY_MA_03_17_307;Acanthurus_pyroferus;IMG_0118;IMG_0125;NA;NA;1;1;NA;0;0;1;09/03/2017;CIN;8.2;7.2;7.5266;NA;5.7602;75.266;NA;57.602;NA;NA;NA;;;;;;;;;masse ok
AC_PY_MA_03_17_308;Acanthurus_pyroferus;IMG_0118;IMG_0126;NA;NA;1;1;NA;0;0;1;09/03/2017;CIN;5.5;4.6;6.6732;NA;5.1164;66.732;NA;51.164;NA;NA;NA;;;;;;;;;masse ok
AC_PY_MA_03_17_309;Acanthurus_pyroferus;IMG_0118;IMG_0127;NA;NA;1;1;NA;0;0;1;09/03/2017;CIN;5.5;4.7;6.5586;NA;5.1866;65.586;NA;51.866;NA;NA;NA;;;;;;;;;masse ok, 1 oto
AC_PY_MA_03_17_310;Acanthurus_pyroferus;IMG_0118;IMG_0128;NA;NA;1;1;NA;0;0;1;09/03/2017;CIN;14.5;12.3;8.8841;NA;6.6896;88.841;NA;66.896;NA;NA;NA;;;;;;;;;masse ok
MY_EA_MA_03_17_311;Myripristis_earlei;IMG_0129;NA;NA;NA;1;1;NA;0;0;1;NA;NA;2.1;1.8;4.7568;NA;3.635;47.568;NA;36.35;12;13.3;0.4;NA;NA;NA;NA;NA;NA;NA;NA;masse ok
MY_EA_MA_03_17_312;Myripristis_earlei;IMG_0129;NA;NA;NA;1;1;NA;0;0;1;NA;NA;3.7;3.3;5.6536;NA;4.7771;56.536;NA;47.771;15.5;15.7;1;NA;NA;NA;NA;NA;NA;NA;NA;masse ok
MY_EA_MA_03_17_313;Myripristis_earlei;IMG_0129;NA;NA;NA;1;1;NA;0;0;1;NA;NA;3.5;3.2;5.8477;NA;4.6101;58.477;NA;46.101;15;16;0.7;NA;NA;NA;NA;NA;NA;NA;NA;masse ok
MY_EA_MA_03_17_314;Myripristis_earlei;IMG_0129;NA;NA;NA;1;1;NA;0;0;1;NA;NA;4.3;3.8;6.5398;NA;4.9324;65.398;NA;49.324;18.7;15;1;NA;NA;NA;NA;NA;NA;NA;NA;masse ok
MY_EA_MA_03_17_315;Myripristis_earlei;IMG_0129;NA;NA;NA;1;1;NA;0;0;1;NA;NA;2.5;2.1;5.1346;NA;3.9951;51.346;NA;39.951;18;18.1;0.9;NA;NA;NA;NA;NA;NA;NA;NA;masse ok
MY_EA_MA_03_17_316;Myripristis_earlei;IMG_0129;NA;NA;NA;1;1;NA;0;0;1;NA;NA;4.5;4;6.263;NA;4.8115;62.63;NA;48.115;16;16.5;1;NA;NA;NA;NA;NA;NA;NA;NA;masse ok
MY_EA_MA_03_17_317;Myripristis_earlei;IMG_0129;NA;NA;NA;1;1;NA;0;0;1;NA;NA;3.2;2.8;5.9495;NA;4.2828;59.495;NA;42.828;14.3;12.5;1.7;NA;NA;NA;NA;NA;NA;NA;NA;masse ok
MY_EA_MA_03_17_318;Myripristis_earlei;IMG_0129;NA;NA;NA;1;1;NA;0;0;1;NA;NA;4.3;3.8;6.5271;NA;4.9298;65.271;NA;49.298;16.1;16;1.2;NA;NA;NA;NA;NA;NA;NA;NA;masse ok
MY_EA_MA_03_17_319;Myripristis_earlei;IMG_0129;NA;NA;NA;1;1;NA;0;0;1;NA;NA;3.3;3;5.7213;NA;4.1924;57.213;NA;41.924;15.6;15;0.9;NA;NA;NA;NA;NA;NA;NA;NA;masse ok
MY_EA_MA_03_17_320;Myripristis_earlei;IMG_0129;NA;NA;NA;1;1;NA;0;0;1;NA;NA;4.6;3.7;6.5028;NA;4.9966;65.028;NA;49.966;15.4;15.5;1.4;NA;NA;NA;NA;NA;NA;NA;NA;masse ok
MY_EA_MA_03_17_321;Myripristis_earlei;IMG_0129;NA;NA;NA;1;1;NA;0;0;1;NA;NA;14.1;12.7;8.658;NA;6.578;86.58;NA;65.78;21;22.1;3;NA;NA;NA;NA;NA;NA;NA;NA;masse ok
MY_EA_MA_03_17_322;Myripristis_earlei;IMG_0129;NA;NA;NA;1;1;M;0;0;1;NA;NA;14.7;13.5;9.0347;NA;7.2971;90.347;NA;72.971;22.3;23;2;NA;NA;NA;NA;NA;NA;NA;NA;masse ok
MY_EA_MA_03_17_323;Myripristis_earlei;IMG_0129;NA;NA;NA;1;1;NA;0;0;1;NA;NA;8.9;8;7.8344;NA;5.8801;78.344;NA;58.801;20;21.4;1.6;NA;NA;NA;NA;NA;NA;NA;NA;masse ok
MY_EA_MA_03_17_324;Myripristis_earlei;IMG_0129;NA;NA;NA;1;1;M;0;0;1;NA;NA;14.8;13.4;9.1358;NA;6.8556;91.358;NA;68.556;23.4;24.4;2.5;NA;NA;NA;NA;NA;NA;NA;NA;masse ok
MY_EA_MA_03_17_325;Myripristis_earlei;IMG_0129;NA;NA;NA;1;1;NA;0;0;1;NA;NA;28.8;26.8;11.6782;NA;8.9486;116.782;NA;89.486;26.2;28.5;2.6;NA;NA;NA;NA;NA;NA;NA;NA;masse ok
MY_EA_MA_03_17_326;Myripristis_earlei;IMG_0129;NA;NA;NA;1;1;M;0;0;1;NA;NA;27.5;24.1;11.4414;NA;8.8078;114.414;NA;88.078;25.4;25.2;2.3;NA;NA;NA;NA;NA;NA;NA;NA;masse ok, 1 apogon dans estomac
MY_EA_MA_03_17_327;Myripristis_earlei;IMG_0129;NA;NA;NA;1;1;NA;0;0;1;NA;NA;25.4;23.5;10.2112;NA;8.0784;102.112;NA;80.784;21.7;25.4;2;NA;NA;NA;NA;NA;NA;NA;NA;masse ok
MY_EA_MA_03_17_328;Myripristis_earlei;IMG_0129;NA;NA;NA;1;1;M;0;0;1;NA;NA;16.2;14.6;8.9303;NA;7.0045;89.303;NA;70.045;22;25;1.9;NA;NA;NA;NA;NA;NA;NA;NA;masse ok
MY_EA_MA_03_17_329;Myripristis_earlei;IMG_0129;NA;NA;NA;1;1;NA;0;0;1;NA;NA;31.7;29.7;10.9406;NA;8.5781;109.406;NA;85.781;29;29.8;1.3;NA;NA;NA;NA;NA;NA;NA;NA;masse ok
EP_FA_MA_03_17_330;Epinephelus_fasciatus;IMG_0130;NA;NA;NA;1;1;F;0;0;1;NA;NA;109.7;108;19.3115;NA;16.178;193.115;NA;161.78;34.4;43;5.4;NA;NA;NA;NA;NA;NA;NA;NA;masse ok
SA_TI_MA_03_17_331;Sargocentron_tiere;IMG_0131;NA;NA;NA;1;1;NA;0;0;1;NA;NA;348.9;275;26.3313;24.4074;21.314;263.313;244.074;213.14;34.6;37.7;7.8;NA;NA;NA;NA;NA;NA;NA;NA;masse unsable
OS_AP_MA_03_17_332;Ostorhinchus_apogonides;IMG_0132;NA;NA;NA;1;1;NA;0;0;1;NA;NA;2;2;5.7623;NA;4.3352;57.623;NA;43.352;12.4;12.5;1.6;NA;NA;NA;NA;NA;NA;NA;NA;masse ok
OS_AP_MA_03_17_333;Ostorhinchus_apogonides;IMG_0132;NA;NA;NA;1;1;NA;0;0;1;NA;NA;2.4;2.4;6.0303;NA;4.7509;60.303;NA;47.509;13.2;13.5;1.4;NA;NA;NA;NA;NA;NA;NA;NA;masse ok
OS_AP_MA_03_17_334;Ostorhinchus_apogonides;IMG_0132;NA;NA;NA;1;1;NA;0;0;1;NA;NA;3.3;3.1;6.2714;NA;4.9182;62.714;NA;49.182;14.5;15;1.6;NA;NA;NA;NA;NA;NA;NA;NA;masse ok
OS_AP_MA_03_17_335;Ostorhinchus_apogonides;IMG_0132;NA;NA;NA;1;1;NA;0;0;1;NA;NA;4.3;4;7.1257;NA;5.568;71.257;NA;55.68;15.7;15.3;1.5;NA;NA;NA;NA;NA;NA;NA;NA;masse ok
OS_AP_MA_03_17_336;Ostorhinchus_apogonides;IMG_0132;NA;NA;NA;1;1;NA;0;0;1;NA;NA;5.4;5.1;7.5145;NA;5.6343;75.145;NA;56.343;17.4;18.5;2.7;NA;NA;NA;NA;NA;NA;NA;NA;masse ok
OS_AP_MA_03_17_337;Ostorhinchus_apogonides;IMG_0132;NA;NA;NA;1;1;NA;0;0;1;NA;NA;6.8;6.4;7.4519;NA;5.9679;74.519;NA;59.679;17.5;16.7;2.4;NA;NA;NA;NA;NA;NA;NA;NA;masse ok
OS_AP_MA_03_17_338;Ostorhinchus_apogonides;IMG_0132;NA;NA;NA;1;1;F;0;0;1;NA;NA;9.5;8.8;8.4955;NA;6.9079;84.955;NA;69.079;21.2;19.7;1.8;NA;NA;NA;NA;NA;NA;NA;NA;masse ok
OS_AP_MA_03_17_339;Ostorhinchus_apogonides;IMG_0132;NA;NA;NA;1;1;M;0;0;1;NA;NA;10.3;9.5;8.8507;NA;7.011;88.507;NA;70.11;19.4;21.9;3.1;NA;NA;NA;NA;NA;NA;NA;NA;masse ok, parasites
OS_AP_MA_03_17_340;Ostorhinchus_apogonides;IMG_0132;NA;NA;NA;1;1;M;0;0;1;NA;NA;10.9;9.7;8.7441;NA;7.0898;87.441;NA;70.898;29.7;20;2.6;NA;NA;NA;NA;NA;NA;NA;NA;masse ok, parasites
OS_AP_MA_03_17_341;Ostorhinchus_apogonides;IMG_0132;NA;NA;NA;1;1;NA;0;0;1;NA;NA;9.9;8.9;8.8357;NA;7.0012;88.357;NA;70.012;21.4;20.1;3;NA;NA;NA;NA;NA;NA;NA;NA;masse ok, parasites
SA_DI_MA_03_17_347;Sargocentron_diadema;IMG_0140;NA;NA;NA;1;1;NA;0;0;1;NA;NA;1.6;1.5;4.4262;NA;3.5306;44.262;NA;35.306;8.4;8.5;2.3;NA;NA;NA;NA;NA;NA;NA;NA;masse ok, possible pb de melange de tube
SA_DI_MA_03_17_348;Sargocentron_diadema;IMG_0140;NA;NA;NA;1;1;NA;0;0;1;NA;NA;2.3;2.2;5.6655;NA;4.4567;56.655;NA;44.567;9;8.4;1.3;NA;NA;NA;NA;NA;NA;NA;NA;masse ok
SA_DI_MA_03_17_349;Sargocentron_diadema;IMG_0140;NA;NA;NA;1;1;NA;0;0;1;NA;NA;2.7;2.5;5.5872;NA;4.6107;55.872;NA;46.107;10;9.6;2.2;NA;NA;NA;NA;NA;NA;NA;NA;masse ok, possible pb de melange de tube
SA_DI_MA_03_17_350;Sargocentron_diadema;IMG_0140;NA;NA;NA;1;1;NA;0;0;1;NA;NA;2.7;2.5;5.6165;NA;4.4263;56.165;NA;44.263;10;10.1;1.6;NA;NA;NA;NA;NA;NA;NA;NA;masse ok
SA_DI_MA_03_17_351;Sargocentron_diadema;IMG_0140;NA;NA;NA;1;1;NA;0;0;1;NA;NA;2.5;2.4;5.5226;NA;4.5917;55.226;NA;45.917;9.8;9.5;1.4;NA;NA;NA;NA;NA;NA;NA;NA;masse ok, possible pb de melange de tube
SA_DI_MA_03_17_352;Sargocentron_diadema;IMG_0140;NA;NA;NA;1;1;NA;0;0;1;NA;NA;3.4;3.2;5.8448;NA;4.9853;58.448;NA;49.853;10.6;10;1.6;NA;NA;NA;NA;NA;NA;NA;NA;masse ok
SA_DI_MA_03_17_353;Sargocentron_diadema;IMG_0140;NA;NA;NA;1;1;NA;0;0;1;NA;NA;3.7;3.5;6.146;NA;4.8914;61.46;NA;48.914;10.4;10.5;3.4;NA;NA;NA;NA;NA;NA;NA;NA;masse ok, possible pb de melange de tube
SA_DI_MA_03_17_354;Sargocentron_diadema;IMG_0140;NA;NA;NA;1;1;NA;0;0;1;NA;NA;2.9;2.8;5.9252;NA;4.9291;59.252;NA;49.291;10.1;10.5;2.4;NA;NA;NA;NA;NA;NA;NA;NA;masse ok
SA_DI_MA_03_17_355;Sargocentron_diadema;IMG_0140;NA;NA;NA;1;1;NA;0;0;1;NA;NA;3.9;3.7;6.4197;NA;5.05;64.197;NA;50.5;11;10.6;2.4;NA;NA;NA;NA;NA;NA;NA;NA;masse ok, possible pb de melange de tube
SA_DI_MA_03_17_356;Sargocentron_diadema;IMG_0140;NA;NA;NA;1;1;NA;0;0;1;NA;NA;4.5;4.2;6.7462;NA;5.36;67.462;NA;53.6;11.1;11.3;2.1;NA;NA;NA;NA;NA;NA;NA;NA;masse ok
SA_DI_MA_03_17_357;Sargocentron_diadema;IMG_0140;NA;NA;NA;1;1;NA;0;0;1;NA;NA;4.3;4.1;6.4868;NA;5.0977;64.868;NA;50.977;11.7;12;2;NA;NA;NA;NA;NA;NA;NA;NA;masse ok, possible pb de melange de tube
LE_TA_MA_03_17_358;Lepidozygus_tapeinosoma;IMG_0141;NA;NA;NA;1;1;NA;0;0;1;NA;NA;1.1;1.1;4.8425;NA;3.5375;48.425;NA;35.375;5.1;4.8;0.2;NA;NA;NA;NA;NA;NA;NA;NA;masse ok
LE_TA_MA_03_17_359;Lepidozygus_tapeinosoma;IMG_0141;NA;NA;NA;1;1;NA;0;0;1;NA;NA;1.7;1.8;4.9304;NA;3.4616;49.304;NA;34.616;5.5;4.3;0.4;NA;NA;NA;NA;NA;NA;NA;NA;masse ok
LE_TA_MA_03_17_360;Lepidozygus_tapeinosoma;IMG_0141;NA;NA;NA;1;1;NA;0;0;1;NA;NA;3.6;3.6;6.757;NA;5.0481;67.57;NA;50.481;6.6;5.7;1;NA;NA;NA;NA;NA;NA;NA;NA;masse ok
LE_TA_MA_03_17_361;Lepidozygus_tapeinosoma;IMG_0141;NA;NA;NA;1;1;NA;0;0;1;NA;NA;3.4;3.4;6.7102;NA;4.8315;67.102;NA;48.315;6.4;6;1.2;NA;NA;NA;NA;NA;NA;NA;NA;masse ok
LE_TA_MA_03_17_362;Lepidozygus_tapeinosoma;IMG_0141;NA;NA;NA;1;1;NA;0;0;1;NA;NA;4.9;3.9;6.4589;NA;4.9156;64.589;NA;49.156;5.9;5.4;1.8;NA;NA;NA;NA;NA;NA;NA;NA;masse ok
LE_TA_MA_03_17_363;Lepidozygus_tapeinosoma;IMG_0141;NA;NA;NA;1;1;NA;0;0;1;NA;NA;4.5;4.4;7.5338;NA;5.6388;75.338;NA;56.388;7.7;7;2.2;NA;NA;NA;NA;NA;NA;NA;NA;masse ok
LE_TA_MA_03_17_364;Lepidozygus_tapeinosoma;IMG_0141;NA;NA;NA;0;1;NA;0;0;1;NA;NA;7.1;6.9;8.1112;NA;6.2349;81.112;NA;62.349;7.5;7.6;2.7;NA;NA;NA;NA;NA;NA;NA;NA;masse ok
LE_TA_MA_03_17_365;Lepidozygus_tapeinosoma;IMG_0141;NA;NA;NA;1;1;NA;0;0;1;NA;NA;7.9;7.8;8.5705;NA;6.4518;85.705;NA;64.518;7.5;7;2.2;NA;NA;NA;NA;NA;NA;NA;NA;masse ok
LE_TA_MA_03_17_366;Lepidozygus_tapeinosoma;IMG_0141;NA;NA;NA;1;1;NA;0;0;1;NA;NA;7.2;7;7.9255;NA;6.2977;79.255;NA;62.977;7;7.2;3;NA;NA;NA;NA;NA;NA;NA;NA;masse ok
LE_TA_MA_03_17_367;Lepidozygus_tapeinosoma;IMG_0141;NA;NA;NA;1;1;NA;0;0;1;NA;NA;6;5.9;7.8593;NA;5.8077;78.593;NA;58.077;7;6.6;2.5;NA;NA;NA;NA;NA;NA;NA;NA;masse ok
OS_RE_MA_03_17_368;Ostorhinchus_relativus;IMG_0142;NA;NA;NA;1;1;NA;0;0;1;NA;NA;3.3;2.9;5.6913;NA;NA;56.913;NA;NA;14.4;12.6;2;NA;NA;NA;NA;NA;NA;NA;NA;masse ok, pinces non bleaché
OS_RE_MA_03_17_369;Ostorhinchus_relativus;IMG_0142;NA;NA;NA;1;1;NA;0;0;1;NA;NA;4.9;4.5;5.8299;NA;5.3053;58.299;NA;53.053;17.6;16;2;NA;NA;NA;NA;NA;NA;NA;NA;masse ok
OS_RE_MA_03_17_370;Ostorhinchus_relativus;IMG_0142;NA;NA;NA;1;1;M;0;0;1;NA;NA;7;6.6;7.38;NA;5.8336;73.8;NA;58.336;17.5;17.2;1.8;NA;NA;NA;NA;NA;NA;NA;NA;masse ok, pinces non bleaché
OS_RE_MA_03_17_371;Ostorhinchus_relativus;IMG_0142;NA;NA;NA;1;1;F;0;0;1;NA;NA;11.2;9.8;8.4863;NA;7.0142;84.863;NA;70.142;19;17.1;1.5;NA;NA;NA;NA;NA;NA;NA;NA;masse ok
OS_RE_MA_03_17_372;Ostorhinchus_relativus;IMG_0142;NA;NA;NA;1;1;M;0;0;1;NA;NA;9.9;9.1;8.3227;NA;6.9436;83.227;NA;69.436;18.4;18.5;1.7;NA;NA;NA;NA;NA;NA;NA;NA;masse ok, pinces non bleaché
OS_RE_MA_03_17_373;Ostorhinchus_relativus;IMG_0142;NA;NA;NA;1;1;M;0;0;1;NA;NA;8.6;8.1;8.4899;NA;6.9066;84.899;NA;69.066;20;20.3;2.6;NA;NA;NA;NA;NA;NA;NA;NA;masse ok
OS_RE_MA_03_17_374;Ostorhinchus_relativus;IMG_0142;NA;NA;NA;1;1;NA;0;0;1;NA;NA;10;9.2;8.2352;NA;6.8433;82.352;NA;68.433;19.7;19;2.2;NA;NA;NA;NA;NA;NA;NA;NA;masse ok, pinces non bleaché
OS_RE_MA_03_17_375;Ostorhinchus_relativus;IMG_0142;NA;NA;NA;1;1;M;0;0;1;NA;NA;10.1;9.1;8.5054;NA;7.0887;85.054;NA;70.887;19;18.4;1.3;NA;NA;NA;NA;NA;NA;NA;NA;masse ok, parasites
OS_RE_MA_03_17_376;Ostorhinchus_relativus;IMG_0142;NA;NA;NA;1;1;M;0;0;1;NA;NA;8.6;7.9;8.3444;NA;6.8143;83.444;NA;68.143;19.5;20;1.6;NA;NA;NA;NA;NA;NA;NA;NA;masse ok, pinces non bleaché
OS_RE_MA_03_17_377;Ostorhinchus_relativus;IMG_0142;NA;NA;NA;1;1;M;0;0;1;NA;NA;10.8;9.7;8.7743;NA;7.2103;87.743;NA;72.103;20.6;29.5;1.5;NA;NA;NA;NA;NA;NA;NA;NA;masse ok
LU_KA_MA_03_17_384;Lutjanus_kasmira;IMG_0150;NA;NA;NA;1;1;NA;0;0;0;NA;NA;NA;NA;9.1187;NA;6.977;91.187;NA;69.77;NA;NA;NA;NA;NA;NA;NA;NA;NA;NA;NA;masse inutilisable
LU_KA_MA_03_17_385;Lutjanus_kasmira;IMG_0150;NA;NA;NA;1;1;NA;0;0;0;NA;NA;NA;NA;9.3034;NA;7.4054;93.034;NA;74.054;NA;NA;NA;NA;NA;NA;NA;NA;NA;NA;NA;masse inutilisable
LU_KA_MA_03_17_386;Lutjanus_kasmira;IMG_0150;NA;NA;NA;1;1;NA;0;0;0;NA;NA;NA;NA;10.3145;NA;8.1456;103.145;NA;81.456;NA;NA;NA;NA;NA;NA;NA;NA;NA;NA;NA;masse inutilisable
LU_KA_MA_03_17_387;Lutjanus_kasmira;IMG_0150;NA;NA;NA;1;1;NA;0;0;0;NA;NA;NA;NA;9.1616;NA;7.3572;91.616;NA;73.572;NA;NA;NA;NA;NA;NA;NA;NA;NA;NA;NA;masse inutilisable
LU_KA_MA_03_17_388;Lutjanus_kasmira;IMG_0150;NA;NA;NA;1;1;NA;0;0;0;NA;NA;NA;NA;9.0351;NA;7.5974;90.351;NA;75.974;NA;NA;NA;NA;NA;NA;NA;NA;NA;NA;NA;masse inutilisable
LU_KA_MA_03_17_389;Lutjanus_kasmira;IMG_0150;NA;NA;NA;1;1;NA;0;0;0;NA;NA;NA;NA;9.6031;NA;8.1174;96.031;NA;81.174;NA;NA;NA;NA;NA;NA;NA;NA;NA;NA;NA;masse inutilisable
LU_KA_MA_03_17_390;Lutjanus_kasmira;IMG_0150;NA;NA;NA;1;1;NA;0;0;0;NA;NA;NA;NA;9.7926;NA;7.9111;97.926;NA;79.111;NA;NA;NA;NA;NA;NA;NA;NA;NA;NA;NA;masse inutilisable
LU_KA_MA_03_17_391;Lutjanus_kasmira;IMG_0150;NA;NA;NA;1;1;NA;0;0;0;NA;NA;NA;NA;13.2606;NA;10.9686;132.606;NA;109.686;NA;NA;NA;NA;NA;NA;NA;NA;NA;NA;NA;masse inutilisable
LU_KA_MA_03_17_392;Lutjanus_kasmira;IMG_0150;NA;NA;NA;1;1;NA;0;0;0;NA;NA;NA;NA;13.5615;NA;11.0525;135.615;NA;110.525;NA;NA;NA;NA;NA;NA;NA;NA;NA;NA;NA;masse inutilisable
CH_OR_MA_03_17_393;Chaetodon_ornatissimus;IMG_0151;IMG_0152;NA;NA;1;1;NA;1;1;0;NA;NA;NA;NA;12.2141;NA;10.2176;122.141;NA;102.176;;;;;;;;;;;;masse inutilisable
CH_OR_MA_03_17_394;Chaetodon_ornatissimus;IMG_0151;IMG_0153;NA;NA;1;1;NA;1;1;0;NA;NA;NA;NA;13.5212;NA;11.5887;135.212;NA;115.887;;;;;;;;;;;;masse inutilisable
CL2_AC_PY_001_marq;Acanthurus_pyroferus;NA;NA;NA;NA;1;NA;NA;0;0;0;NA;CL2;NA;NA;NA;NA;NA;NA;NA;NA;NA;NA;NA;NA;NA;NA;NA;NA;NA;NA;NA;Tete uniquement voir avec pauline pour les autres informations
CL2_AC_NI_003_marq;Acanthurus_nigricans;NA;NA;NA;NA;1;NA;NA;0;0;0;NA;CL2;NA;NA;NA;NA;NA;NA;NA;NA;NA;NA;NA;NA;NA;NA;NA;NA;NA;NA;NA;Tete uniquement voir avec pauline pour les autres informations
CL2_AC_NI_001_marq;Acanthurus_nigricans;NA;NA;NA;NA;1;NA;NA;0;0;0;NA;CL2;NA;NA;NA;NA;NA;NA;NA;NA;NA;NA;NA;NA;NA;NA;NA;NA;NA;NA;NA;Tete uniquement voir avec pauline pour les autres informations
EP_FA_MA_03_17_398;Epinephelus_fasciatus;IMG_0159;NA;NA;NA;1;1;NA;0;0;0;NA;NA;NA;NA;12.302;NA;10.2138;123.02;NA;102.138;NA;NA;NA;NA;NA;NA;NA;NA;NA;NA;NA;
EP_FA_MA_03_17_399;Epinephelus_fasciatus;IMG_0159;NA;NA;NA;1;1;F;0;0;0;NA;NA;NA;NA;19.7027;NA;16.5219;197.027;NA;165.219;NA;NA;NA;NA;NA;NA;NA;NA;NA;NA;NA;
EP_FA_MA_03_17_400;Epinephelus_fasciatus;IMG_0159;NA;NA;NA;1;1;F;0;0;0;NA;NA;NA;NA;19.9465;NA;16.8678;199.465;NA;168.678;NA;NA;NA;NA;NA;NA;NA;NA;NA;NA;NA;
EP_FA_MA_03_17_401;Epinephelus_fasciatus;IMG_0159;NA;NA;NA;1;1;F;0;0;0;NA;NA;NA;NA;19.798;NA;16.3099;197.98;NA;163.099;NA;NA;NA;NA;NA;NA;NA;NA;NA;NA;NA;
EP_FA_MA_03_17_402;Epinephelus_fasciatus;IMG_0159;NA;NA;NA;1;1;NA;0;0;0;NA;NA;NA;NA;25.3058;NA;21.6132;253.058;NA;216.132;NA;NA;NA;NA;NA;NA;NA;NA;NA;NA;NA;parasites
LU_KA_MA_03_17_403;Lutjanus_kasmira;IMG_0158;NA;NA;NA;1;1;NA;0;0;0;NA;CL;NA;NA;20.8382;NA;16.6526;208.382;NA;166.526;NA;NA;NA;NA;NA;NA;NA;NA;NA;NA;NA;code CL_KA_001_marq chez Pauline
PA_MU_MA_03_17_404;Parupeneus_multifasciatus;IMG_0160;NA;NA;NA;1;1;F;0;0;0;NA;NA;NA;NA;23.0441;NA;18.8394;230.441;NA;188.394;NA;NA;NA;NA;NA;NA;NA;NA;NA;NA;NA;parasites
AC_TR_MA_03_17_405;Acanthurus_triostegus;IMG_0162;NA;NA;NA;0;1;NA;0;0;0;NA;NA;NA;NA;3.2558;NA;2.5255;32.558;NA;25.255;NA;NA;NA;NA;NA;NA;NA;NA;NA;NA;NA;en tubes pour CNP
AC_TR_MA_03_17_406;Acanthurus_triostegus;IMG_0162;NA;NA;NA;0;1;NA;0;0;0;NA;NA;NA;NA;2.9905;NA;2.3557;29.905;NA;23.557;NA;NA;NA;NA;NA;NA;NA;NA;NA;NA;NA;en tubes pour CNP
AC_TR_MA_03_17_407;Acanthurus_triostegus;IMG_0162;NA;NA;NA;0;1;NA;0;0;0;NA;NA;NA;NA;2.9542;NA;2.3139;29.542;NA;23.139;NA;NA;NA;NA;NA;NA;NA;NA;NA;NA;NA;en tubes pour CNP
AC_TR_MA_03_17_408;Acanthurus_triostegus;IMG_0162;NA;NA;NA;0;1;NA;0;0;0;NA;NA;NA;NA;3.9544;NA;3.0601;39.544;NA;30.601;NA;NA;NA;NA;NA;NA;NA;NA;NA;NA;NA;en tubes pour CNP
AC_TR_MA_03_17_409;Acanthurus_triostegus;IMG_0162;NA;NA;NA;0;1;NA;0;0;0;NA;NA;NA;NA;3.8338;NA;2.963;38.338;NA;29.63;NA;NA;NA;NA;NA;NA;NA;NA;NA;NA;NA;en tubes pour CNP
AC_TR_MA_03_17_410;Acanthurus_triostegus;IMG_0162;NA;NA;NA;0;1;NA;0;0;0;NA;NA;NA;NA;3.1201;NA;2.4703;31.201;NA;24.703;NA;NA;NA;NA;NA;NA;NA;NA;NA;NA;NA;en tubes pour CNP
AC_TR_MA_03_17_411;Acanthurus_triostegus;IMG_0162;NA;NA;NA;0;1;NA;0;0;0;NA;NA;NA;NA;3.183;NA;2.57;31.83;NA;25.7;NA;NA;NA;NA;NA;NA;NA;NA;NA;NA;NA;en tubes pour CNP
AC_TR_MA_03_17_412;Acanthurus_triostegus;IMG_0162;NA;NA;NA;0;1;NA;0;0;0;NA;NA;NA;NA;3.4092;NA;2.6878;34.092;NA;26.878;NA;NA;NA;NA;NA;NA;NA;NA;NA;NA;NA;en tubes pour CNP
AC_TR_MA_03_17_413;Acanthurus_triostegus;IMG_0162;NA;NA;NA;0;1;NA;0;0;0;NA;NA;NA;NA;3.2579;NA;2.5547;32.579;NA;25.547;NA;NA;NA;NA;NA;NA;NA;NA;NA;NA;NA;en tubes pour CNP
AC_TR_MA_03_17_414;Acanthurus_triostegus;IMG_0162;NA;NA;NA;0;1;NA;0;0;0;NA;NA;NA;NA;2.91;NA;2.2806;29.1;NA;22.806;NA;NA;NA;NA;NA;NA;NA;NA;NA;NA;NA;en tubes pour CNP
AC_TR_MA_03_17_415;Acanthurus_triostegus;IMG_0162;NA;NA;NA;0;1;NA;0;0;0;NA;NA;NA;NA;3.0893;NA;2.5092;30.893;NA;25.092;NA;NA;NA;NA;NA;NA;NA;NA;NA;NA;NA;en tubes pour CNP
AC_TR_MA_03_17_416;Acanthurus_triostegus;IMG_0162;NA;NA;NA;0;1;NA;0;0;0;NA;NA;NA;NA;3.0179;NA;2.5216;30.179;NA;25.216;NA;NA;NA;NA;NA;NA;NA;NA;NA;NA;NA;en tubes pour CNP
AC_TR_MA_03_17_417;Acanthurus_triostegus;IMG_0162;NA;NA;NA;0;1;NA;0;0;0;NA;NA;NA;NA;3.3384;NA;2.6295;33.384;NA;26.295;NA;NA;NA;NA;NA;NA;NA;NA;NA;NA;NA;en tubes pour CNP
AC_TR_MA_03_17_418;Acanthurus_triostegus;IMG_0162;NA;NA;NA;0;1;NA;0;0;0;NA;NA;NA;NA;3.1451;NA;2.4876;31.451;NA;24.876;NA;NA;NA;NA;NA;NA;NA;NA;NA;NA;NA;en tubes pour CNP
