Species;Valid_name;Names;BioM_g;Masse_seche_post_lyoph;LT_mm;LS_mm;code_BAR_Extraction;Nanodrop1(ng/ul);N1_260/280;Nanodrop2(ng/ul);N2_260/280;Bw_mm;Ed;OpD;PorL;Md;Mw;Pro;T;dGr;Gl;Bl;Bd;Hd;Eh;Mo;Or;PFl;PFi;PFs;PFb;CPd;CFd;CFs
Abudefduf_sexfaciatus;Abudefduf_sexfaciatus;AB_SE_MO_03_16_001;3.9;0.9813;64.067;44.981;19*;27.2;2.1;NA;NA;;;;;6;6;2;;;;;;;;;;;;;;;;
Abudefduf_sexfaciatus;Abudefduf_sexfaciatus;AB_SE_MO_03_16_002;3.8;0.9122;61.315;42.781;20;50.02;1.89;NA;NA;;;;;5;4;1;;;;;;;;;;;;;;;;
Abudefduf_sexfaciatus;Abudefduf_sexfaciatus;AB_SE_MO_03_16_003;3;0.704;56.104;39.615;21;38.02;1.85;NA;NA;;;;;4;4;1;;;;;;;;;;;;;;;;
Abudefduf_sexfaciatus;Abudefduf_sexfaciatus;AB_SE_MO_03_16_004;1.7;0.4768;51.616;36.457;22;12.22;1.94;NA;NA;;;;;4;4;2;;;;;;;;;;;;;;;;
Abudefduf_sexfaciatus;Abudefduf_sexfaciatus;AB_SE_MO_03_16_005;2.1;0.4839;50.584;37.376;23;11.42;1.63;4.32;1.35;;;;;4;3;1;;;;;;;;;;;;;;;;
Acanthurus_achilles;Acanthurus_achilles;AC_AC_SC_03_16_001;201.3;62.7642;245.51;182.435;288;33.593;1.777;33.493;1.83;;;;;15;9;0;;;;;;;;;;;;;;;;
Acanthurus_achilles;Acanthurus_achilles;AC_AC_SC_03_16_002;173.1;52.0561;229.649;175.274;289;17.893;1.672;19.793;1.706;;;;;13;8;0;;;;;;;;;;;;;;;;
Acanthurus_achilles;Acanthurus_achilles;AC_AC_SC_03_16_003;147.4;47.6758;204.517;157.674;290;8.393;1.713;10.393;1.89;;;;;8;8;0;;;;;;;;;;;;;;;;
Acanthurus_achilles;Acanthurus_achilles;AC_AC_SC_03_16_004;162;52.6758;216.417;165.455;291;6.493;1.755;6.593;1.498;;;;;8;6;0;;;;;;;;;;;;;;;;
Acanthurus_achilles;Acanthurus_achilles;AC_AC_SC_03_16_005;176.5;55.6969;220.536;164.869;292;17.193;1.622;21.993;1.641;;;;;11;7;0;;;;;;;;;;;;;;;;
Acanthurus_achilles;Acanthurus_achilles;AC_AC_SC_03_16_006;136.8;40.3618;195.416;153.193;293;13.993;1.794;13.993;1.771;;;;;13;8;0;;;;;;;;;;;;;;;;
Acanthurus_achilles;Acanthurus_achilles;AC_AC_SC_03_16_007;129;41.7862;191.726;152.698;294;7.693;1.637;7.791;1.624;;;;;10;7;0;;;;;;;;;;;;;;;;
Acanthurus_achilles;Acanthurus_achilles;AC_AC_SC_03_16_008;141.3;45.8195;206.451;156.886;295;10.993;1.593;9.693;1.563;;;;;10;7;0;;;;;;;;;;;;;;;;
Acanthurus_achilles;Acanthurus_achilles;AC_AC_SC_03_16_009;116;35.7076;188.684;146.444;296;11.693;1.647;11.393;1.7;;;;;12;8;0;;;;;;;;;;;;;;;;
Acanthurus_achilles;Acanthurus_achilles;AC_AC_SC_03_16_010;106.8;30.7087;192.806;147.615;297;523.45;1.823;188.95;1.856;;;;;11;10;0;;;;;;;;;;;;;;;;
Acanthurus_triostegus;Acanthurus_triostegus;AC_TR_MO_03_16_001;4.3;0.8894;56.986;47.323;248;20.563;1.849;21.862;1.91;;;;;5;4;0;;;;;;;;;;;;;;;;
Acanthurus_triostegus;Acanthurus_triostegus;AC_TR_MO_03_16_002;2.7;0.6321;50.787;40.242;249;96.662;1.887;98.262;1.864;;;;;3;3;0;;;;;;;;;;;;;;;;
Acanthurus_triostegus;Acanthurus_triostegus;AC_TR_MO_03_16_003;1;0.2167;36.901;28.451;250;12.962;1.637;37.063;1.691;;;;;2;2;0;;;;;;;;;;;;;;;;
Acanthurus_triostegus;Acanthurus_triostegus;AC_TR_MO_03_16_004;0.8;0.1912;33.589;26.614;251;9.863;1.787;7.563;1.93;;;;;2;2;0;;;;;;;;;;;;;;;;
Acanthurus_triostegus;Acanthurus_triostegus;AC_TR_MO_03_16_005;0.6;0.1221;30.713;24.543;252;8.462;1.793;9.663;1.72;;;;;2;1;0;;;;;;;;;;;;;;;;
Acanthurus_triostegus;Acanthurus_triostegus;AC_TR_MO_03_16_006;119.1;31.2108;193.544;154.85;253;1411.85;2.081;44.25;1.968;;;;;13;11;6;;;;;;;;;;;;;;;;
Acanthurus_triostegus;Acanthurus_triostegus;AC_TR_MO_03_16_007;84.5;22.8772;174.304;146.82;254;53.362;1.79;53.662;1.915;;;;;9;9;0;;;;;;;;;;;;;;;;
Acanthurus_triostegus;Acanthurus_triostegus;AC_TR_MO_03_16_008;64.7;19.1177;153.329;123.676;255;91.463;1.897;91.263;1.889;;;;;9;9;0;;;;;;;;;;;;;;;;
Acanthurus_triostegus;Acanthurus_triostegus;AC_TR_MO_03_16_009;78;22.0409;166.661;137.536;256;18.063;1.707;19.163;1.7;;;;;8;8;0;;;;;;;;;;;;;;;;
Acanthurus_triostegus;Acanthurus_triostegus;AC_TR_MO_03_16_010;93.6;26.8107;175.722;137.86;257;672.25;2.073;684.05;2.064;;;;;9;9;0;;;;;;;;;;;;;;;;
Acanthurus_triostegus;Acanthurus_triostegus;AC_TR_MO_03_16_011;54.7;15.4692;147.175;118.565;258;83.267;1.897;65.097;1.903;;;;;7;8;0;;;;;;;;;;;;;;;;
Acanthurus_triostegus;Acanthurus_triostegus;AC_TR_MO_03_16_012;106.5;25.7119;180.446;146.825;259;10.267;1.77;9.167;1.993;;;;;10;11;0;;;;;;;;;;;;;;;;
Acanthurus_triostegus;Acanthurus_triostegus;AC_TR_MO_03_16_013;123;36.021;188.877;153.409;260;57.267;1.907;55.167;1.87;;;;;11;12;0;;;;;;;;;;;;;;;;
Acanthurus_triostegus;Acanthurus_triostegus;AC_TR_MO_03_16_014;107.3;29.9493;174.348;142.726;261;9.667;1.239;5.967;1.755;;;;;10;11;0;;;;;;;;;;;;;;;;
Acanthurus_triostegus;Acanthurus_triostegus;AC_TR_MO_03_16_015;84.6;24.1726;153.409;126.488;262;52.167;1.843;57.667;1.857;;;;;10;12;0;;;;;;;;;;;;;;;;
Acanthurus_triostegus;Acanthurus_triostegus;AC_TR_MO_03_16_016;113.6;33.5846;171.356;136.316;263;20.367;1.886;13.867;1.691;;;;;11;9;0;;;;;;;;;;;;;;;;
Antennarius_sp;Antennarius_sp;AN_SP_MO_03_16_001;6.7;1.4688;53.79;45.398;NA;NA;NA;NA;NA;;;;;21;19;4;;;;;;;;;;;;;;;;
Antennarius_sp;Antennarius_sp;AN_SP_MO_03_16_002;2.9;0.5122;40.445;33.429;NA;NA;NA;NA;NA;;;;;14;13;3;;;;;;;;;;;;;;;;
Antennarius_sp;Antennarius_sp;AN_SP_MO_03_16_003;0.8;0.1188;25.725;21.323;NA;NA;NA;NA;NA;;;;;8;8;3;;;;;;;;;;;;;;;;
Aphareus_furca;Aphareus_furca;AP_FU_TA_03_16_001;445;98.8;376.037;306.543;NA;NA;NA;NA;NA;;;;;54;57;0;;;;;;;;;;;;;;;;
Balistapus_undulatus;Balistapus_undulatus;BA_UN_MO_03_16_001;451.5;158.4;283.016;241.13;95;51.99;2.06;NA;NA;;;;;23;17;0;;;;;;;;;;;;;;;;
Balistapus_undulatus;Balistapus_undulatus;BA_UN_MO_03_16_002;131.7;42.1;189.435;157.043;96;23.69;2.47;NA;NA;;;;;12;13;0;;;;;;;;;;;;;;;;
Balistapus_undulatus;Balistapus_undulatus;BA_UN_MO_03_16_003;145.3;45.1;203.955;172.904;97;22.9;2.21;NA;NA;;;;;15;13;0;;;;;;;;;;;;;;;;
Balistapus_undulatus;Balistapus_undulatus;BA_UN_MO_03_16_004;146.6;47.8;192.429;166.809;98;13.9;1.79;NA;NA;;;;;15;14;0;;;;;;;;;;;;;;;;
Balistapus_undulatus;Balistapus_undulatus;BA_UN_MO_03_16_005;137.1;44.6;199.545;169.371;99;10.2;1.56;NA;NA;;;;;20;15;0;;;;;;;;;;;;;;;;
Balistapus_undulatus;Balistapus_undulatus;BA_UN_MO_03_16_006;118.6;36.5;173.895;146.861;100;47.5;1.92;NA;NA;;;;;20;14;0;;;;;;;;;;;;;;;;
Balistapus_undulatus;Balistapus_undulatus;BA_UN_MO_03_16_007;55.2;16.8;141.016;117.781;142;49.363;1.804;50.063;1.863;;;;;9;11;0;;;;;;;;;;;;;;;;
Balistapus_undulatus;Balistapus_undulatus;BA_UN_MO_03_16_008;52.5;17.8;138.15;117.478;143;13.85;2.394;67.95;1.484;;;;;11;9;0;;;;;;;;;;;;;;;;
Balistapus_undulatus;Balistapus_undulatus;BA_UN_MO_03_16_009;43.3;14.6;130.434;109.617;144;10.793;1.775;33.963;1.81;;;;;13;7;0;;;;;;;;;;;;;;;;
Balistapus_undulatus;Balistapus_undulatus;BA_UN_MO_03_16_010;48.9;15.5;129.06;105.308;145;11.463;1.774;9.963;1.759;;;;;10;11;0;;;;;;;;;;;;;;;;
Balistapus_undulatus;Balistapus_undulatus;BA_UN_MO_03_16_011;30.4;9.7;117.184;94.72;NA;NA;NA;NA;NA;;;;;9;7;0;;;;;;;;;;;;;;;;
Balistapus_undulatus;Balistapus_undulatus;BA_UN_MO_03_16_012;22.3;6.9;106.739;88.138;NA;NA;NA;NA;NA;;;;;8;7;0;;;;;;;;;;;;;;;;
Balistapus_undulatus;Balistapus_undulatus;BA_UN_MO_03_16_013;7.7;2.2;70.396;57.376;NA;NA;NA;NA;NA;;;;;2;1;0;;;;;;;;;;;;;;;;
Balistapus_undulatus;Balistapus_undulatus;BA_UN_MO_03_16_014;1.6;0.4;43.211;33.767;NA;NA;NA;NA;NA;;;;;3;2;0;;;;;;;;;;;;;;;;
Balistapus_undulatus;Balistapus_undulatus;BA_UN_MO_03_16_015;1.3;0.4;40.921;32.193;NA;NA;NA;NA;NA;;;;;2;1;0;;;;;;;;;;;;;;;;
Bothus_mancus;Bothus_mancus;BO_MA_MO_03_16_001;140.1;32.5226;236.481;202.424;298;23.593;1.761;33.593;1.741;;;;;23;24;4;;;;;;;;;;;;;;;;
Bothus_mancus;Bothus_mancus;BO_MA_MO_03_16_002;109.7;25.2768;219.503;180.898;299;8.493;1.544;4.993;1.92;;;;;25;25;3;;;;;;;;;;;;;;;;
Bothus_mancus;Bothus_mancus;BO_MA_MO_03_16_003;70.5;17.1024;177.881;152.389;300;52.639;1.817;46.193;1.804;;;;;20;21;5;;;;;;;;;;;;;;;;
Bothus_mancus;Bothus_mancus;BO_MA_MO_03_16_004;7.5;1.4167;89.433;73.659;301;15.893;1.656;18.593;1.738;;;;;10;8;1;;;;;;;;;;;;;;;;
Bothus_mancus;Bothus_mancus;BO_MA_MO_03_16_005;6;1.0316;84.082;69.716;302;23.493;1.865;20.893;1.865;;;;;10;8;1;;;;;;;;;;;;;;;;
Bothus_mancus;Bothus_mancus;BO_MA_MO_03_16_006;5.5;1.0525;83.941;71.124;303;31.693;1.886;28.593;1.869;;;;;10;9;3;;;;;;;;;;;;;;;;
Bothus_mancus;Bothus_mancus;BO_MA_MO_03_16_007;3.2;0.5645;70.561;59.716;304;11.793;1.814;9.993;1.694;;;;;6;6;1;;;;;;;;;;;;;;;;
Bothus_mancus;Bothus_mancus;BO_MA_MO_03_16_008;1.7;0.3107;49.998;46.477;305;5.993;1.933;6.693;1.761;;;;;7;6;2;;;;;;;;;;;;;;;;
Brotula_multibarbata;Brotula_multibarbata;BR_MU_MO_03_16_001;1.6;0.3655;67.036;67.036;NA;NA;NA;NA;NA;;;;;9;8;0;;;;;;;;;;;;;;;;
Brotula_multibarbata;Brotula_multibarbata;BR_MU_MO_03_16_002;1.3;0.3323;65.928;65.928;NA;NA;NA;NA;NA;;;;;6;7;0;;;;;;;;;;;;;;;;
Brotula_multibarbata;Brotula_multibarbata;BR_MU_MO_03_16_003;0.6;0.118;55.069;55.069;NA;NA;NA;NA;NA;;;;;4;3;0;;;;;;;;;;;;;;;;
Brotula_multibarbata;Brotula_multibarbata;BR_MU_MO_03_16_004;0.6;0.1233;53.296;53.296;NA;NA;NA;NA;NA;;;;;5;5;0;;;;;;;;;;;;;;;;
Canthigaster_solandri;Canthigaster_solandri;CA_SO_MO_03_16_001;3.1;0.6743;55.029;43.775;NA;NA;NA;NA;NA;;;;;5;3;0;;;;;;;;;;;;;;;;
Canthigaster_solandri;Canthigaster_solandri;CA_SO_MO_03_16_002;1.6;0.3088;41.009;32.14;NA;NA;NA;NA;NA;;;;;4;3;0;;;;;;;;;;;;;;;;
Canthigaster_solandri;Canthigaster_solandri;CA_SO_MO_03_16_003;0.8;0.1644;32.712;25.178;NA;NA;NA;NA;NA;;;;;3;3;0;;;;;;;;;;;;;;;;
Canthigaster_solandri;Canthigaster_solandri;CA_SO_MO_03_16_004;0.7;0.1475;33.761;25.75;NA;NA;NA;NA;NA;;;;;2;2;0;;;;;;;;;;;;;;;;
Canthigaster_solandri;Canthigaster_solandri;CA_SO_MO_03_16_005;0.5;0.1042;28.993;24.129;NA;NA;NA;NA;NA;;;;;2;2;0;;;;;;;;;;;;;;;;
Caranx_melampygus;Caranx_melampygus;CA_ME_MO_03_16_001;627;217.4;368.809;304.728;358;13.157;1.917;19.457;1.743;;;;;37;45;9;;;;;;;;;;;;;;;;
Caranx_melampygus;Caranx_melampygus;CA_ME_MO_03_16_002;10;2.4;84.901;75.058;NA;NA;NA;NA;NA;;;;;12;13;3;;;;;;;;;;;;;;;;
Caranx_melampygus;Caranx_melampygus;CA_ME_MO_03_16_005;4218.8;375.4;712.497;600.227;244;970.75;2.014;1299.15;2.059;;;;;70;90;21;;;;;;;;;;;;;;;;
Caranx_melampygus;Caranx_melampygus;CA_ME_MO_03_16_006;485.4;128.2;421.676;337.565;245;576.55;1.953;592.25;1.968;;;;;42;52;10;;;;;;;;;;;;;;;;
Caranx_melampygus;Caranx_melampygus;CA_ME_MO_03_16_007;714.3;248.4;367.782;293.573;246;638.95;2.026;607.25;1.923;;;;;40;50;9;;;;;;;;;;;;;;;;
Caranx_melampygus;Caranx_melampygus;CA_ME_MO_03_16_008;162.3;145.4;392.49;316.426;247;68.263;1.88;68.263;1.88;;;;;38;48;9;;;;;;;;;;;;;;;;
Caranx_melampygus;Caranx_melampygus;CA_ME_TA_03_16_003;1823.2;563.7;556.084;443.664;359;229.55;1.382;267.15;1.462;;;;;60;59;14;;;;;;;;;;;;;;;;
Caranx_melampygus;Caranx_melampygus;CA_ME_TA_03_16_004;1506;130.9;497.229;418.297;243;521.55;2.004;518.25;2.008;;;;;50;67;18;;;;;;;;;;;;;;;;
Caranx_papuensis;Caranx_papuensis;CA_PA_MO_03_16_001;659.6;218.2;385.642;296.199;242;770.95;2.002;1483.05;1.993;;;;;36;45;7;;;;;;;;;;;;;;;;
Centropyge_bispinosa;Centropyge_bispinosa;CE_BI_MO_03_16_001;11.8;3.7751;80.267;65.534;NA;NA;NA;NA;NA;;;;;5;5;4;;;;;;;;;;;;;;;;
Centropyge_bispinosa;Centropyge_bispinosa;CE_BI_MO_03_16_002;5.3;1.4422;62.105;52.453;NA;NA;NA;NA;NA;;;;;5;4;3;;;;;;;;;;;;;;;;
Centropyge_bispinosa;Centropyge_bispinosa;CE_BI_MO_03_16_003;2.5;0.646;47.161;38.101;NA;NA;NA;NA;NA;;;;;2;1;1;;;;;;;;;;;;;;;;
Centropyge_bispinosa;Centropyge_bispinosa;CE_BI_MO_03_16_004;2.1;0.5201;44.96;37.847;NA;NA;NA;NA;NA;;;;;3;3;1;;;;;;;;;;;;;;;;
Centropyge_bispinosa;Centropyge_bispinosa;CE_BI_MO_03_16_005;2.2;0.5547;46.23;40.303;NA;NA;NA;NA;NA;;;;;2;2;1;;;;;;;;;;;;;;;;
Centropyge_bispinosa;Centropyge_bispinosa;CE_BI_MO_03_16_006;1.8;0.4518;43.605;37.001;NA;NA;NA;NA;NA;;;;;2;2;2;;;;;;;;;;;;;;;;
Centropyge_bispinosa;Centropyge_bispinosa;CE_BI_MO_03_16_007;0.7;0.2592;35.815;30.481;NA;NA;NA;NA;NA;;;;;2;2;1;;;;;;;;;;;;;;;;
Centropyge_bispinosa;Centropyge_bispinosa;CE_BI_MO_03_16_008;0.5;0.1301;31.497;26.671;NA;NA;NA;NA;NA;;;;;3;2;1;;;;;;;;;;;;;;;;
Centropyge_bispinosa;Centropyge_bispinosa;CE_BI_MO_03_16_009;0.4;0.1034;28.11;24.046;NA;NA;NA;NA;NA;;;;;1;1;0;;;;;;;;;;;;;;;;
Centropyge_bispinosa;Centropyge_bispinosa;CE_BI_MO_03_16_010;0.4;0.0996;26.756;22.522;NA;NA;NA;NA;NA;;;;;1;1;1;;;;;;;;;;;;;;;;
Centropyge_flavissima;Centropyge_flavissima;CE_FL_MO_03_16_001;19;6.2601;97.487;79.81;191;11.881;1.982;20.081;2.364;;;;;4;2;5;;;;;;;;;;;;;;;;
Centropyge_flavissima;Centropyge_flavissima;CE_FL_MO_03_16_002;19.1;5.9798;96.232;78.136;192;18.081;1.828;23.981;1.919;;;;;5;3;4;;;;;;;;;;;;;;;;
Centropyge_flavissima;Centropyge_flavissima;CE_FL_MO_03_16_003;17.4;5.9714;93.512;78.555;NA;NA;NA;NA;NA;;;;;4;4;3;;;;;;;;;;;;;;;;
Centropyge_flavissima;Centropyge_flavissima;CE_FL_MO_03_16_004;14.5;4.486;82.739;70.814;NA;NA;NA;NA;NA;;;;;5;4;4;;;;;;;;;;;;;;;;
Centropyge_flavissima;Centropyge_flavissima;CE_FL_MO_03_16_005;10.6;3.3757;74.684;62.237;NA;NA;NA;NA;NA;;;;;5;4;2;;;;;;;;;;;;;;;;
Centropyge_flavissima;Centropyge_flavissima;CE_FL_MO_03_16_006;6.5;2.0391;69.036;57.844;193;48.75;1.748;100.55;1.399;;;;;4;2;3;;;;;;;;;;;;;;;;
Centropyge_flavissima;Centropyge_flavissima;CE_FL_MO_03_16_007;2.2;0.7059;47.279;38.597;NA;NA;NA;NA;NA;;;;;3;2;1;;;;;;;;;;;;;;;;
Cephalopholis_argus;Cephalopholis_argus;CE_AR_MO_03_16_001;651.3;176.3;329.25;287.684;178;108.931;1.879;110.131;1.897;;;;;33;77;13;;;;;;;;;;;;;;;;
Cephalopholis_argus;Cephalopholis_argus;CE_AR_MO_03_16_002;149.9;42.3;221.36;190.968;179;24.331;1.862;31.531;1.858;;;;;46;51;6;;;;;;;;;;;;;;;;
Cephalopholis_argus;Cephalopholis_argus;CE_AR_MO_03_16_003;113.7;33.9;199.998;177.6;180;28.831;1.751;30.331;1.756;;;;;40;40;10;;;;;;;;;;;;;;;;
Cephalopholis_argus;Cephalopholis_argus;CE_AR_MO_03_16_004;144.1;40.6;206.128;181.319;181;19.631;1.758;21.931;1.704;;;;;33;52;5;;;;;;;;;;;;;;;;
Cephalopholis_argus;Cephalopholis_argus;CE_AR_MO_03_16_005;65.7;17.6;162.996;144.667;182;14.331;1.53;16.531;1.803;;;;;27;31;6;;;;;;;;;;;;;;;;
Cephalopholis_argus;Cephalopholis_argus;CE_AR_MO_03_16_016;201.8;58.9;240.855;207.036;285;32.693;1.837;25.363;1.924;;;;;54;60;9;;;;;;;;;;;;;;;;
Cephalopholis_argus;Cephalopholis_argus;CE_AR_MO_03_16_016b;725.9;252.9;356.794;309.716;356;49.557;1.845;47.657;1.781;;;;;80;81;15;;;;;;;;;;;;;;;;
Cephalopholis_argus;Cephalopholis_argus;CE_AR_MO_03_16_017;139.7;38.7;214.746;183.579;286;74.693;2.035;56.293;1.908;;;;;44;50;8;;;;;;;;;;;;;;;;
Cephalopholis_argus;Cephalopholis_argus;CE_AR_MO_03_16_017b;399;117.8;314.639;279.55;357;10.757;1.567;14.057;1.99;;;;;70;72;14;;;;;;;;;;;;;;;;
Cephalopholis_argus;Cephalopholis_argus;CE_AR_MO_03_16_018;19.7;5.4;120.101;104.11;287;2.75;0.953;1.45;0.521;;;;;25;26;5;;;;;;;;;;;;;;;;
Cephalopholis_argus;Cephalopholis_argus;CE_AR_TA_03_16_006;771.3;233.4;356.269;314.966;183;19.231;1.82;18.631;1.869;;;;;55;57;10;;;;;;;;;;;;;;;;
Cephalopholis_argus;Cephalopholis_argus;CE_AR_TA_03_16_007;577.6;164.6;321.389;293.555;184;15.931;1.858;19.231;1.737;;;;;35;63;11;;;;;;;;;;;;;;;;
Cephalopholis_argus;Cephalopholis_argus;CE_AR_TA_03_16_008;384.4;104.3;306.196;268.263;NA;NA;NA;NA;NA;;;;;52;54;11;;;;;;;;;;;;;;;;
Cephalopholis_argus;Cephalopholis_argus;CE_AR_TA_03_16_009;607.1;180;342.26;313.606;NA;NA;NA;NA;NA;;;;;35;77;17;;;;;;;;;;;;;;;;
Cephalopholis_argus;Cephalopholis_argus;CE_AR_TA_03_16_010;285.3;78.8;276.486;242.356;NA;NA;NA;NA;NA;;;;;51;59;10;;;;;;;;;;;;;;;;
Cephalopholis_argus;Cephalopholis_argus;CE_AR_TA_03_16_011;256.7;72.5;259.444;238.549;NA;NA;NA;NA;NA;;;;;56;61;12;;;;;;;;;;;;;;;;
Cephalopholis_argus;Cephalopholis_argus;CE_AR_TA_03_16_012;319.6;90.6;268.977;245.714;NA;NA;NA;NA;NA;;;;;52;58;15;;;;;;;;;;;;;;;;
Cephalopholis_argus;Cephalopholis_argus;CE_AR_TA_03_16_013;578.4;170.2;324.731;280.901;NA;NA;NA;NA;NA;;;;;70;85;11;;;;;;;;;;;;;;;;
Cephalopholis_argus;Cephalopholis_argus;CE_AR_TA_03_16_014;360;98.7;310.141;270.306;185;13.831;1.78;15.931;1.738;;;;;63;71;15;;;;;;;;;;;;;;;;
Cephalopholis_argus;Cephalopholis_argus;CE_AR_TA_03_16_015;266.3;72;257.51;226.842;NA;NA;NA;NA;NA;;;;;51;56;14;;;;;;;;;;;;;;;;
Cephalopholis_leopardus;Cephalopholis_leopardus;CE_LE_MO_03_16_001;38.1;13.1;136.332;115.703;282;12.293;1.707;12.093;1.778;;;;;35;37;6;;;;;;;;;;;;;;;;
Cephalopholis_leopardus;Cephalopholis_leopardus;CE_LE_MO_03_16_002;14;4.5;97.869;83.113;283;19.193;3.49;17.993;1.585;;;;;23;23;4;;;;;;;;;;;;;;;;
Cephalopholis_leopardus;Cephalopholis_leopardus;CE_LE_MO_03_16_003;14.3;4.5;92.912;80.078;284;35.393;2.313;22.493;1.814;;;;;24;24;4;;;;;;;;;;;;;;;;
Chaetodon_auriga;Chaetodon_auriga;CH_AU_MO_03_16_001;5.8;1.3386;65.043;56.423;36;6.42;1.57;NA;NA;;;;;6;2;4;;;;;;;;;;;;;;;;
Chaetodon_auriga;Chaetodon_auriga;CH_AU_MO_03_16_002;5.3;1.1905;63.664;55.706;37*;8;3.27;6.5;2.06;;;;;4;3;5;;;;;;;;;;;;;;;;
Chaetodon_auriga;Chaetodon_auriga;CH_AU_MO_03_16_003;4;0.8595;58.072;49.468;38*;21.9;2.42;NA;NA;;;;;3;2;2;;;;;;;;;;;;;;;;
Chaetodon_auriga;Chaetodon_auriga;CH_AU_MO_03_16_004;2.2;0.4662;45.238;38.786;39*;11.6;2.25;NA;NA;;;;;4;2;3;;;;;;;;;;;;;;;;
Chaetodon_auriga;Chaetodon_auriga;CH_AU_MO_03_16_005;1.6;0.3668;39.385;33.577;NA;NA;NA;NA;NA;;;;;3;2;1;;;;;;;;;;;;;;;;
Chaetodon_auriga;Chaetodon_auriga;CH_AU_MO_03_16_006;0.8;0.2138;33.911;29.18;NA;NA;NA;NA;NA;;;;;1;1;2;;;;;;;;;;;;;;;;
Chaetodon_citrinellus;Chaetodon_citrinellus;CH_CI_MO_03_16_001;29;9.1258;109.453;92.442;24;39.92;1.77;NA;NA;;;;;;;;;;;;;;;;;;;;;;;
Chaetodon_citrinellus;Chaetodon_citrinellus;CH_CI_MO_03_16_002;23;6.9122;100.748;85.674;25;11.72;1.63;NA;NA;;;;;2;2;3;;;;;;;;;;;;;;;;
Chaetodon_citrinellus;Chaetodon_citrinellus;CH_CI_MO_03_16_003;15;4.558;90.829;78.653;26;8.92;1.65;NA;NA;;;;;4;2;3;;;;;;;;;;;;;;;;
Chaetodon_citrinellus;Chaetodon_citrinellus;CH_CI_MO_03_16_004;12;3.7488;86.076;73.243;27;9.32;1.55;10.52;1.5;;;;;2;1;3;;;;;;;;;;;;;;;;
Chaetodon_citrinellus;Chaetodon_citrinellus;CH_CI_MO_03_16_005;9;2.34;72.884;61.857;28;18.12;1.78;NA;NA;;;;;2;1;2;;;;;;;;;;;;;;;;
Chaetodon_citrinellus;Chaetodon_citrinellus;CH_CI_MO_03_16_006;9;2.1669;72.311;61.573;29;58.82;1.86;NA;NA;;;;;1;1;1;;;;;;;;;;;;;;;;
Chaetodon_citrinellus;Chaetodon_citrinellus;CH_CI_MO_03_16_007;8;2.7062;74.343;65.386;132;24.825;1.701;14.725;1.842;;;;;3;2;4;;;;;;;;;;;;;;;;
Chaetodon_citrinellus;Chaetodon_citrinellus;CH_CI_MO_03_16_008;7;1.703;67.596;58.593;133;13.725;2.329;5.925;1.726;;;;;na;na;na;;;;;;;;;;;;;;;;
Chaetodon_citrinellus;Chaetodon_citrinellus;CH_CI_MO_03_16_009;6;1.7082;69.726;60.694;134;36.325;1.823;28.425;1.842;;;;;1;0.5;1;;;;;;;;;;;;;;;;
Chaetodon_citrinellus;Chaetodon_citrinellus;CH_CI_MO_03_16_010;6;1.4943;64.249;55.459;135;13.525;2.149;11.225;1.842;;;;;2;1;0.5;;;;;;;;;;;;;;;;
Chaetodon_citrinellus;Chaetodon_citrinellus;CH_CI_MO_03_16_011;6;1.4911;65.987;56.738;136;8.225;1.762;8.725;1.615;;;;;1;1;2;;;;;;;;;;;;;;;;
Chaetodon_citrinellus;Chaetodon_citrinellus;CH_CI_MO_03_16_012;6;1.4722;65.887;56.107;137;2.0125;1.867;40.925;1.878;;;;;1;1;1.5;;;;;;;;;;;;;;;;
Chaetodon_citrinellus;Chaetodon_citrinellus;CH_CI_MO_03_16_013;5;1.2606;63.08;55.287;NA;NA;NA;NA;NA;;;;;1;1;1;;;;;;;;;;;;;;;;
Chaetodon_citrinellus;Chaetodon_citrinellus;CH_CI_MO_03_16_014;4;1.1779;60.498;52.771;NA;NA;NA;NA;NA;;;;;1;0.5;0.5;;;;;;;;;;;;;;;;
Chaetodon_citrinellus;Chaetodon_citrinellus;CH_CI_MO_03_16_015;4;0.9725;58.567;50.164;NA;NA;NA;NA;NA;;;;;1;1;1;;;;;;;;;;;;;;;;
Chaetodon_citrinellus;Chaetodon_citrinellus;CH_CI_MO_03_16_016;4;0.9523;56.093;47.074;NA;NA;NA;NA;NA;;;;;2;1;1;;;;;;;;;;;;;;;;
Chaetodon_citrinellus;Chaetodon_citrinellus;CH_CI_MO_03_16_017;3;0.8495;55.825;47.506;NA;NA;NA;NA;NA;;;;;na;na;na;;;;;;;;;;;;;;;;
Chaetodon_citrinellus;Chaetodon_citrinellus;CH_CI_MO_03_16_018;3;0.8675;55.186;46.718;NA;NA;NA;NA;NA;;;;;;;;;;;;;;;;;;;;;;;
Chaetodon_citrinellus;Chaetodon_citrinellus;CH_CI_MO_03_16_019;2;0.8285;54.361;46.663;NA;NA;NA;NA;NA;;;;;3;1;0.5;;;;;;;;;;;;;;;;
Chaetodon_citrinellus;Chaetodon_citrinellus;CH_CI_MO_03_16_020;0.9;0.3383;38.004;32.206;NA;NA;NA;NA;NA;;;;;na;na;na;;;;;;;;;;;;;;;;
Chaetodon_citrinellus;Chaetodon_citrinellus;CH_CI_MO_03_16_021;0.8;0.2984;33.968;29.197;NA;NA;NA;NA;NA;;;;;na;na;na;;;;;;;;;;;;;;;;
Chaetodon_citrinellus;Chaetodon_citrinellus;CH_CI_MO_03_16_022;0.7;0.305;34.383;30.438;NA;NA;NA;NA;NA;;;;;na;na;na;;;;;;;;;;;;;;;;
Chaetodon_citrinellus;Chaetodon_citrinellus;CH_CI_MO_03_16_023;0.8;0.3128;34.543;30.141;NA;NA;NA;NA;NA;;;;;na;na;na;;;;;;;;;;;;;;;;
Chaetodon_ephippium;Chaetodon_ephippium;CH_EP_MO_03_16_001;88;30.0104;156.51;137.306;328;19.2;1.808;19.3;1.8;;;;;10;8;4;;;;;;;;;;;;;;;;
Chaetodon_ephippium;Chaetodon_ephippium;CH_EP_MO_03_16_002;1.7;0.3496;42.443;35.148;329;5.45;1.956;5.65;1.383;;;;;2;1;2;;;;;;;;;;;;;;;;
Chaetodon_lunula;Chaetodon_lunula;CH_LU_MO_03_16_001;52.8;15.2772;132.245;115.883;NA;NA;NA;NA;NA;;;;;9;1;4;;;;;;;;;;;;;;;;
Chaetodon_pelewensis;Chaetodon_pelewensis;CH_PE_MO_03_16_001;13.6;4.3242;86.564;76.009;30;28.82;1.73;NA;NA;;;;;3;2;1;;;;;;;;;;;;;;;;
Chaetodon_pelewensis;Chaetodon_pelewensis;CH_PE_MO_03_16_002;1.4;0.3322;41.137;35.454;31*;32.2;2.4;NA;NA;;;;;2;1;0.5;;;;;;;;;;;;;;;;
Chaetodon_pelewensis;Chaetodon_pelewensis;CH_PE_MO_03_16_003;1.5;0.3221;42.388;36.976;32;17.337;1.61;18.138;1.895;;;;;1;1;0.5;;;;;;;;;;;;;;;;
Chaetodon_pelewensis;Chaetodon_pelewensis;CH_PE_MO_03_16_004;1;0.3415;36.587;32.043;33;12.92;1.47;6.92;1.28;;;;;1;1;0;;;;;;;;;;;;;;;;
Chaetodon_pelewensis;Chaetodon_pelewensis;CH_PE_MO_03_16_005;1.1;0.3096;37.156;31.683;34;2.437;2.806;5.738;1.703;;;;;1;1;0;;;;;;;;;;;;;;;;
Chaetodon_pelewensis;Chaetodon_pelewensis;CH_PE_MO_03_16_006;1.3;0.3927;37.567;32.849;35;8.52;1.58;NA;NA;;;;;1;1;0;;;;;;;;;;;;;;;;
Chaetodon_trichrous;Chaetodon_trichrous;CH_TR_MO_03_16_001;36.8;11.4807;118.238;98.378;40;41.12;1.83;NA;NA;;;;;6;5;2;;;;;;;;;;;;;;;;
Chaetodon_trichrous;Chaetodon_trichrous;CH_TR_MO_03_16_002;34.2;11.5381;109.195;93.01;41;14.42;1.68;NA;NA;;;;;5;4;3;;;;;;;;;;;;;;;;
Chaetodon_trichrous;Chaetodon_trichrous;CH_TR_MO_03_16_003;25.5;7.3594;106.519;87.298;42;37.72;1.56;NA;NA;;;;;6;6;3;;;;;;;;;;;;;;;;
Chaetodon_trichrous;Chaetodon_trichrous;CH_TR_MO_03_16_004;3.7;0.9345;46.165;41.916;43;5.82;1.82;NA;NA;;;;;3;3;1;;;;;;;;;;;;;;;;
Chaetodon_vagabundus;Chaetodon_vagabundus;CH_VA_MO_03_16_001;58;16.9029;135.421;116.677;NA;NA;NA;NA;NA;;;;;7;4;2;;;;;;;;;;;;;;;;
Chaetodon_vagabundus;Chaetodon_vagabundus;CH_VA_MO_03_16_002;3.3;0.845;53.224;46.161;323;12.65;1.76;8.65;1.668;;;;;4;1;1;;;;;;;;;;;;;;;;
Chaetodon_vagabundus;Chaetodon_vagabundus;CH_VA_MO_03_16_003;1.1;0.2499;31.777;30.379;324;14.9;1.67;2.1;1.477;;;;;1;1;1;;;;;;;;;;;;;;;;
Chaetodon_vagabundus;Chaetodon_vagabundus;CH_VA_MO_03_16_004;0.4;0.1134;24.576;19.898;NA;NA;NA;NA;NA;;;;;1;1;1;;;;;;;;;;;;;;;;
Chaetodon_vagabundus;Chaetodon_vagabundus;CH_VA_MO_03_16_005;60;19.4663;143.714;122.605;325;19;1.76;15.8;1.713;;;;;6;6;2;;;;;;;;;;;;;;;;
Chaetodon_vagabundus;Chaetodon_vagabundus;CH_VA_MO_03_16_006;55.1;15.4553;147.406;125.075;NA;NA;NA;NA;NA;;;;;7;6;3;;;;;;;;;;;;;;;;
Chaetodon_vagabundus;Chaetodon_vagabundus;CH_VA_MO_03_16_007;54;18.6749;138.328;116.903;326;8.9;1.529;9.8;1.713;;;;;7;5;3;;;;;;;;;;;;;;;;
Cheilinus_chlorourus;Cheilinus_chlorourus;CH_CH_MO_03_16_001;69.4;19.3975;157.453;134.614;44;67.02;1.87;NA;NA;;;;;17;17;6;;;;;;;;;;;;;;;;
Cheilinus_chlorourus;Cheilinus_chlorourus;CH_CH_MO_03_16_002;22.7;5.5169;111.441;94.66;45;6.62;1.66;NA;NA;;;;;12;12;4;;;;;;;;;;;;;;;;
Cheilinus_chlorourus;Cheilinus_chlorourus;CH_CH_MO_03_16_003;15.1;3.6686;96.81;84.077;46;129.62;1.6;NA;NA;;;;;8;8;3;;;;;;;;;;;;;;;;
Cheilinus_chlorourus;Cheilinus_chlorourus;CH_CH_MO_03_16_004;20.9;5.0665;95.859;81.282;47;15.82;1.82;NA;NA;;;;;12;12;4;;;;;;;;;;;;;;;;
Cheilinus_chlorourus;Cheilinus_chlorourus;CH_CH_MO_03_16_005;15.4;3.4747;86.954;72.76;48;42.12;1.9;NA;NA;;;;;8;8;4;;;;;;;;;;;;;;;;
Cheilinus_chlorourus;Cheilinus_chlorourus;CH_CH_MO_03_16_006;49.3;14;146.361;119.476;49;227.138;2.067;371.938;2.06;;;;;17;17;5;;;;;;;;;;;;;;;;
Cheilinus_chlorourus;Cheilinus_chlorourus;CH_CH_MO_03_16_007;27.9;7.2;123.456;103.988;128;32.538;1.821;47.838;1.78;;;;;18;13;5;;;;;;;;;;;;;;;;
Cheilinus_chlorourus;Cheilinus_chlorourus;CH_CH_MO_03_16_008;21.5;5.9;108.289;89.948;129;-0.7;-2.872;66.3;1.672;;;;;13;12;5;;;;;;;;;;;;;;;;
Cheilinus_chlorourus;Cheilinus_chlorourus;CH_CH_MO_03_16_009;9.9;2.9;82.914;69.492;130;1.125;0.87;1.925;1.381;;;;;8;10;3;;;;;;;;;;;;;;;;
Cheilinus_chlorourus;Cheilinus_chlorourus;CH_CH_MO_03_16_010;351.4;95.7;298.773;229.167;131;107.12;1.876;99.825;1.87;;;;;33;38;7;;;;;;;;;;;;;;;;
Cheilinus_trilobatus;Cheilinus_trilobatus;CHE_TR_MO_03_16_001;34.1;6.7;124.665;104.28;56;161.21;1.86;NA;NA;;;;;18;16;6;;;;;;;;;;;;;;;;
Cheilinus_trilobatus;Cheilinus_trilobatus;CHE_TR_MO_03_16_002;160.8;45.1;227.796;194.919;57;308.71;1.92;NA;NA;;;;;31;28;10;;;;;;;;;;;;;;;;
Cheilinus_trilobatus;Cheilinus_trilobatus;CHE_TR_MO_03_16_003;6.8;1.5;72.324;60.384;58;149.938;1.887;90.037;1.925;;;;;9;7;3;;;;;;;;;;;;;;;;
Cheilinus_trilobatus;Cheilinus_trilobatus;CHE_TR_MO_03_16_004;2.1;0.4;50.612;42.265;59;21.61;1.83;NA;NA;;;;;4;3;1;;;;;;;;;;;;;;;;
Cheillo_inermis;Cheillo_inermis;CH_IN_MO_03_16_001;431;114;400.551;364.423;232;164.79;1.884;157.67;1.903;;;;;41;37;3;;;;;;;;;;;;;;;;
Cheillo_inermis;Cheillo_inermis;CH_IN_MO_03_16_002;350;94.1;386.234;349.921;233;61.03;1.827;67.35;1.89;;;;;36;35;1;;;;;;;;;;;;;;;;
Chlorurus_sordidus;Chlorurus_spilurus;CH_SO_MO_03_16_001;409;112;283.62;259.925;194;161.225;1.849;31.225;1.87;;;;;30;17;0;;;;;;;;;;;;;;;;
Chlorurus_sordidus;Chlorurus_spilurus;CH_SO_MO_03_16_002;394.2;118.3;301.746;259.003;195;36.725;1.874;12.925;1.988;;;;;28;19;0;;;;;;;;;;;;;;;;
Chlorurus_sordidus;Chlorurus_spilurus;CH_SO_MO_03_16_003;355.6;114.1;257.922;233.867;196;37.323;2.007;25.325;2.01;;;;;31;19;0;;;;;;;;;;;;;;;;
Chlorurus_sordidus;Chlorurus_spilurus;CH_SO_MO_03_16_004;271.2;70.6;280.713;253.911;197;8.925;1.684;17.025;1.737;;;;;23;17;0;;;;;;;;;;;;;;;;
Chlorurus_sordidus;Chlorurus_spilurus;CH_SO_MO_03_16_005;234.7;68.6;255.861;229.083;198;43.725;1.715;34.225;1.703;;;;;25;18;0;;;;;;;;;;;;;;;;
Chlorurus_sordidus;Chlorurus_spilurus;CH_SO_MO_03_16_006;242.5;76.6;241.349;224.819;199;168.025;1.875;110.925;1.859;;;;;25;14;0;;;;;;;;;;;;;;;;
Chlorurus_sordidus;Chlorurus_spilurus;CH_SO_MO_03_16_007;267.5;77.9;256.479;233.824;200;22.925;1.91;92.625;1.856;;;;;26;17;0;;;;;;;;;;;;;;;;
Chlorurus_sordidus;Chlorurus_spilurus;CH_SO_MO_03_16_008;263.2;73.3;259.664;233.969;201;27.825;1.707;29.625;1.753;;;;;28;17;0;;;;;;;;;;;;;;;;
Chlorurus_sordidus;Chlorurus_spilurus;CH_SO_MO_03_16_009;200;54.3;224.684;207.577;202;101.669;1.831;101.769;1.82;;;;;18;15;0;;;;;;;;;;;;;;;;
Chlorurus_sordidus;Chlorurus_spilurus;CH_SO_MO_03_16_010;147.8;39.1;200.112;186.285;NA;80.569;1.891;101.769;1.898;;;;;19;13;0;;;;;;;;;;;;;;;;
Chlorurus_sordidus;Chlorurus_spilurus;CH_SO_MO_03_16_011;222.1;60.1;219.362;205.486;231;51.91;1.8;44.47;1.687;;;;;22;17;0;;;;;;;;;;;;;;;;
Chlorurus_sordidus;Chlorurus_spilurus;CH_SO_MO_03_16_012;171;45.9;206.635;187.276;NA;NA;NA;NA;NA;;;;;16;14;0;;;;;;;;;;;;;;;;
Chlorurus_sordidus;Chlorurus_spilurus;CH_SO_MO_03_16_013;137.9;37.8;197.295;172.927;226;29.75;1.694;27.59;1.792;;;;;21;14;0;;;;;;;;;;;;;;;;
Chlorurus_sordidus;Chlorurus_spilurus;CH_SO_MO_03_16_014;140.5;33.9;210.155;192.397;NA;NA;NA;NA;NA;;;;;23;13;0;;;;;;;;;;;;;;;;
Chlorurus_sordidus;Chlorurus_spilurus;CH_SO_MO_03_16_015;132.5;35.2;188.004;165.775;225;51.645;1.639;15.965;1.708;;;;;12;11;0;;;;;;;;;;;;;;;;
Chlorurus_sordidus;Chlorurus_spilurus;CH_SO_MO_03_16_016;99.5;26.9;182.632;165.372;230;36.39;1.78;17.43;1.383;;;;;19;11;0;;;;;;;;;;;;;;;;
Chlorurus_sordidus;Chlorurus_spilurus;CH_SO_MO_03_16_017;104;27;173.96;160.864;227;1588.55;1.99;730.95;2.004;;;;;19;12;0;;;;;;;;;;;;;;;;
Chlorurus_sordidus;Chlorurus_spilurus;CH_SO_MO_03_16_018;96.9;25.2;184.45;167.702;229;1328.15;1.976;1509.15;1.967;;;;;18;15;0;;;;;;;;;;;;;;;;
Chlorurus_sordidus;Chlorurus_spilurus;CH_SO_MO_03_16_019;82;20.8;163.703;148.821;228;362.05;1.915;353.95;1.936;;;;;16;11;0;;;;;;;;;;;;;;;;
Chlorurus_sordidus;Chlorurus_spilurus;CH_SO_TA_03_16_020;414.4;106.5;290.564;252.025;NA;NA;NA;NA;NA;;;;;30;20;0;;;;;;;;;;;;;;;;
Chlorurus_sordidus;Chlorurus_spilurus;CH_SO_TA_03_16_021;370.4;88.5;290.564;244.694;NA;NA;NA;NA;NA;;;;;30;18;0;;;;;;;;;;;;;;;;
Chlorurus_sordidus;Chlorurus_spilurus;CH_SO_TA_03_16_022;321.9;74.1;257.015;222.518;NA;NA;NA;NA;NA;;;;;26;19;0;;;;;;;;;;;;;;;;
Chlorurus_sordidus;Chlorurus_spilurus;CH_SO_TA_03_16_023;363.6;84.9;254.762;228.887;NA;NA;NA;NA;NA;;;;;28;19;0;;;;;;;;;;;;;;;;
Chlorurus_sordidus;Chlorurus_spilurus;CH_SO_TA_03_16_024;246.7;58.4;257.953;208.991;NA;NA;NA;NA;NA;;;;;26;11;0;;;;;;;;;;;;;;;;
Chlorurus_sordidus;Chlorurus_spilurus;CH_SO_TA_03_16_025;326.5;171.8;267.778;236.079;NA;NA;NA;NA;NA;;;;;28;21;0;;;;;;;;;;;;;;;;
Chlorurus_sordidus;Chlorurus_spilurus;CH_SO_TA_03_16_026;613.3;107.8;344.108;302.481;NA;NA;NA;NA;NA;;;;;35;26;0;;;;;;;;;;;;;;;;
Chromis_acares;Chromis_acares;CH_AC_MO_03_16_001;1.5;0.3577;45.007;36.779;NA;NA;NA;NA;NA;;;;;3;2;2;;;;;;;;;;;;;;;;
Chromis_acares;Chromis_acares;CH_AC_MO_03_16_002;1.1;0.2725;40.358;32.221;NA;NA;NA;NA;NA;;;;;3.5;3;2;;;;;;;;;;;;;;;;
Chromis_acares;Chromis_acares;CH_AC_MO_03_16_003;1.1;0.2755;41.916;31.934;NA;NA;NA;NA;NA;;;;;3;3;2;;;;;;;;;;;;;;;;
Chromis_acares;Chromis_acares;CH_AC_MO_03_16_004;1;0.2712;39.969;32.819;NA;NA;NA;NA;NA;;;;;3;3;2;;;;;;;;;;;;;;;;
Chromis_acares;Chromis_acares;CH_AC_MO_03_16_005;1.2;0.2731;43.466;34.384;NA;NA;NA;NA;NA;;;;;3;2;1;;;;;;;;;;;;;;;;
Chromis_acares;Chromis_acares;CH_AC_MO_03_16_006;0.7;0.2151;38.044;30.648;NA;NA;NA;NA;NA;;;;;3;3;2;;;;;;;;;;;;;;;;
Chromis_acares;Chromis_acares;CH_AC_MO_03_16_007;0.8;0.237;40.087;30.438;NA;NA;NA;NA;NA;;;;;3;2;2;;;;;;;;;;;;;;;;
Chromis_acares;Chromis_acares;CH_AC_MO_03_16_008;1;0.266;40.135;31.525;NA;NA;NA;NA;NA;;;;;4;3;2;;;;;;;;;;;;;;;;
Chromis_acares;Chromis_acares;CH_AC_MO_03_16_009;1;0.2509;41.086;33.607;NA;NA;NA;NA;NA;;;;;3;3;2;;;;;;;;;;;;;;;;
Chromis_acares;Chromis_acares;CH_AC_MO_03_16_010;0.4;0.1284;31.483;25.627;NA;NA;NA;NA;NA;;;;;2;2;1;;;;;;;;;;;;;;;;
Chromis_acares;Chromis_acares;CH_AC_MO_03_16_011;0.4;0.0998;33.178;23.101;NA;NA;NA;NA;NA;;;;;2;2;1;;;;;;;;;;;;;;;;
Chromis_acares;Chromis_acares;CH_AC_MO_03_16_012;0.3;0.0933;30.298;23.262;NA;NA;NA;NA;NA;;;;;2;2;2;;;;;;;;;;;;;;;;
Chromis_acares;Chromis_acares;CH_AC_MO_03_16_013;0.3;0.1025;30.382;23.281;NA;NA;NA;NA;NA;;;;;2;2;1;;;;;;;;;;;;;;;;
Chromis_acares;Chromis_acares;CH_AC_MO_03_16_014;0.3;0.0524;27.674;20.755;NA;NA;NA;NA;NA;;;;;2;2;1;;;;;;;;;;;;;;;;
Chromis_acares;Chromis_acares;CH_AC_MO_03_16_015;0.2;0.0333;23.233;18.184;NA;NA;NA;NA;NA;;;;;2;1;1;;;;;;;;;;;;;;;;
Chromis_acares;Chromis_acares;CH_AC_MO_03_16_016;0.2;0.0456;27.109;19.597;NA;NA;NA;NA;NA;;;;;2;2;1;;;;;;;;;;;;;;;;
Chromis_acares;Chromis_acares;CH_AC_MO_03_16_017;0.1;0.0819;23.64;17.574;NA;NA;NA;NA;NA;;;;;2;2;1;;;;;;;;;;;;;;;;
Chromis_acares;Chromis_acares;CH_AC_MO_03_16_018;0.1;0.0416;23.584;18.319;NA;NA;NA;NA;NA;;;;;2;2;1;;;;;;;;;;;;;;;;
Chromis_acares;Chromis_acares;CH_AC_MO_03_16_019;0.1;0.0359;24.048;17.364;NA;NA;NA;NA;NA;;;;;2;2;1;;;;;;;;;;;;;;;;
Chromis_acares;Chromis_acares;CH_AC_MO_03_16_020;0.1;0.0347;19.204;17.202;NA;NA;NA;NA;NA;;;;;2;2;1;;;;;;;;;;;;;;;;
Chromis_iomelas;Chromis_iomelas;CH_JO_MO_03_16_001;3.1;0.8924;60.366;44.34;13;2.62;1.37;3.82;1.15;;;;;4;3;0.5;;;;;;;;;;;;;;;;
Chromis_iomelas;Chromis_iomelas;CH_JO_MO_03_16_002;3;0.8124;50.81;41.747;14;33.62;1.77;34.02;1.74;;;;;4;3;0.5;;;;;;;;;;;;;;;;
Chromis_iomelas;Chromis_iomelas;CH_JO_MO_03_16_003;3.5;0.9552;60.669;44.752;15;1.72;0.85;14.42;1.43;;;;;5;4;1;;;;;;;;;;;;;;;;
Chromis_iomelas;Chromis_iomelas;CH_JO_MO_03_16_004;2.8;0.6742;55.587;41.849;16;7.437;1.922;6.437;1.856;;;;;4;3;1;;;;;;;;;;;;;;;;
Chromis_iomelas;Chromis_iomelas;CH_JO_MO_03_16_005;2.7;0.6431;53.587;39.826;17;7.92;1.28;8.52;1.57;;;;;4;3;1;;;;;;;;;;;;;;;;
Chromis_iomelas;Chromis_iomelas;CH_JO_MO_03_16_006;2.8;0.7376;56.418;41.099;18;9.12;1.9;9.22;1.74;;;;;4;3;1;;;;;;;;;;;;;;;;
Chromis_iomelas;Chromis_iomelas;CH_JO_MO_03_16_007;3;0.7653;47.967;41.676;124;10.7;1.742;9.6;1.588;;;;;4;3;1;;;;;;;;;;;;;;;;
Chromis_iomelas;Chromis_iomelas;CH_JO_MO_03_16_008;2.4;0.6243;46.363;39.397;125;16.1;1.705;16.7;1.679;;;;;4;3;1;;;;;;;;;;;;;;;;
Chromis_iomelas;Chromis_iomelas;CH_JO_MO_03_16_009;2.5;0.6927;45.299;38.918;126;5.1;1.122;6.3;1.485;;;;;3;3;1;;;;;;;;;;;;;;;;
Chromis_iomelas;Chromis_iomelas;CH_JO_MO_03_16_010;2.4;0.699;40.838;35.449;127;55.07;1.989;67.637;1.85;;;;;4;3;1;;;;;;;;;;;;;;;;
Chromis_iomelas;Chromis_iomelas;CH_JO_MO_03_16_011;2.6;0.7368;47.754;40.096;NA;NA;NA;NA;NA;;;;;4;3;1;;;;;;;;;;;;;;;;
Chromis_iomelas;Chromis_iomelas;CH_JO_MO_03_16_012;2.1;0.5711;46.378;36.534;NA;NA;NA;NA;NA;;;;;4;3;1;;;;;;;;;;;;;;;;
Chromis_iomelas;Chromis_iomelas;CH_JO_MO_03_16_013;2.3;0.6588;40.831;36.249;NA;NA;NA;NA;NA;;;;;4;3;1;;;;;;;;;;;;;;;;
Chromis_iomelas;Chromis_iomelas;CH_JO_MO_03_16_014;1.9;0.5178;44.861;36.051;NA;NA;NA;NA;NA;;;;;3;3;1;;;;;;;;;;;;;;;;
Chromis_iomelas;Chromis_iomelas;CH_JO_MO_03_16_015;2;0.5635;45.138;35.608;NA;NA;NA;NA;NA;;;;;4;3;1;;;;;;;;;;;;;;;;
Chromis_iomelas;Chromis_iomelas;CH_JO_MO_03_16_016;1.7;0.5354;45.481;35.243;NA;NA;NA;NA;NA;;;;;3;2;1;;;;;;;;;;;;;;;;
Chromis_iomelas;Chromis_iomelas;CH_JO_MO_03_16_017;2;0.5582;38.645;34.932;NA;NA;NA;NA;NA;;;;;3;3;1;;;;;;;;;;;;;;;;
Chromis_iomelas;Chromis_iomelas;CH_JO_MO_03_16_018;1.8;0.4544;42.922;36.324;NA;NA;NA;NA;NA;;;;;3;2;1;;;;;;;;;;;;;;;;
Chromis_iomelas;Chromis_iomelas;CH_JO_MO_03_16_019;2.2;0.6771;51.628;37.33;NA;NA;NA;NA;NA;;;;;4;3;1;;;;;;;;;;;;;;;;
Chromis_iomelas;Chromis_iomelas;CH_JO_MO_03_16_020;2;0.5523;48.116;36.318;NA;NA;NA;NA;NA;;;;;3;3;1;;;;;;;;;;;;;;;;
Chromis_iomelas;Chromis_iomelas;CH_JO_MO_03_16_021;1.5;0.4051;NA;35.186;NA;NA;NA;NA;NA;;;;;3;3;1;;;;;;;;;;;;;;;;
Chromis_iomelas;Chromis_iomelas;CH_JO_MO_03_16_022;1.7;0.4642;41.121;34.017;NA;NA;NA;NA;NA;;;;;3;3;1;;;;;;;;;;;;;;;;
Chromis_iomelas;Chromis_iomelas;CH_JO_MO_03_16_023;1.8;0.4709;40.754;34.264;NA;NA;NA;NA;NA;;;;;3;3;1;;;;;;;;;;;;;;;;
Chromis_iomelas;Chromis_iomelas;CH_JO_MO_03_16_024;1.6;0.4222;48.505;35.463;NA;NA;NA;NA;NA;;;;;3;3;1;;;;;;;;;;;;;;;;
Chromis_iomelas;Chromis_iomelas;CH_JO_MO_03_16_025;1.2;0.3302;43.212;30.884;NA;NA;NA;NA;NA;;;;;3;2;1;;;;;;;;;;;;;;;;
Chromis_iomelas;Chromis_iomelas;CH_JO_MO_03_16_026;1.2;0.3199;37.567;30.643;NA;NA;NA;NA;NA;;;;;3;2;1;;;;;;;;;;;;;;;;
Chromis_iomelas;Chromis_iomelas;CH_JO_MO_03_16_027;1.2;0.3286;42.013;29.998;NA;NA;NA;NA;NA;;;;;3;2;1;;;;;;;;;;;;;;;;
Chromis_iomelas;Chromis_iomelas;CH_JO_MO_03_16_028;0.3;0.0701;24.035;19.95;NA;NA;NA;NA;NA;;;;;2;2;1;;;;;;;;;;;;;;;;
Chromis_iomelas;Chromis_iomelas;CH_JO_MO_03_16_029;0.1;0.0373;NA;16.221;NA;NA;NA;NA;NA;;;;;2;1;1;;;;;;;;;;;;;;;;
Chromis_viridis;Chromis_viridis;CH_VI_MO_03_16_001;1.9;0.53;53.639;43.378;354;259.65;1.909;259.55;1.907;;;;;4;3;1;;;;;;;;;;;;;;;;
Chromis_viridis;Chromis_viridis;CH_VI_MO_03_16_002;1.2;0.2465;45.084;34.605;355;19.557;1.817;17.857;2.015;;;;;3;2;1;;;;;;;;;;;;;;;;
Chromis_viridis;Chromis_viridis;CH_VI_MO_03_16_003;1.1;0.2871;43.54;34.145;NA;NA;NA;NA;NA;;;;;7;3;2;;;;;;;;;;;;;;;;
Chromis_viridis;Chromis_viridis;CH_VI_MO_03_16_004;0.9;0.2685;39.552;30.814;NA;NA;NA;NA;NA;;;;;4;3;2;;;;;;;;;;;;;;;;
Chromis_viridis;Chromis_viridis;CH_VI_MO_03_16_005;0.8;0.2273;40.385;30.41;NA;NA;NA;NA;NA;;;;;2;1;0.5;;;;;;;;;;;;;;;;
Chromis_viridis;Chromis_viridis;CH_VI_MO_03_16_006;0.9;0.2725;41.059;32.242;NA;NA;NA;NA;NA;;;;;4;3;2;;;;;;;;;;;;;;;;
Chromis_viridis;Chromis_viridis;CH_VI_MO_03_16_007;0.7;0.2283;41.039;31.538;NA;NA;NA;NA;NA;;;;;1;0.5;0.2;;;;;;;;;;;;;;;;
Chromis_viridis;Chromis_viridis;CH_VI_MO_03_16_008;1.1;0.2914;45.015;33.701;NA;NA;NA;NA;NA;;;;;5;3;2;;;;;;;;;;;;;;;;
Chromis_viridis;Chromis_viridis;CH_VI_MO_03_16_009;1;0.2673;41.611;31.32;NA;NA;NA;NA;NA;;;;;3;2;1;;;;;;;;;;;;;;;;
Chromis_viridis;Chromis_viridis;CH_VI_MO_03_16_010;0.8;0.267;42.187;31.081;NA;NA;NA;NA;NA;;;;;4;4;1;;;;;;;;;;;;;;;;
Chromis_viridis;Chromis_viridis;CH_VI_MO_03_16_011;0.8;0.2387;39.348;29.628;NA;NA;NA;NA;NA;;;;;4;2;2;;;;;;;;;;;;;;;;
Chromis_viridis;Chromis_viridis;CH_VI_MO_03_16_012;0.8;0.2024;38.679;28.887;NA;NA;NA;NA;NA;;;;;3;3;1;;;;;;;;;;;;;;;;
Chromis_viridis;Chromis_viridis;CH_VI_MO_03_16_013;1;0.3143;41.777;31.752;NA;NA;NA;NA;NA;;;;;4;2;2;;;;;;;;;;;;;;;;
Chromis_viridis;Chromis_viridis;CH_VI_MO_03_16_014;0.9;0.2677;42.596;32.007;NA;NA;NA;NA;NA;;;;;4;2;2;;;;;;;;;;;;;;;;
Chromis_viridis;Chromis_viridis;CH_VI_MO_03_16_015;1.1;0.3077;45.851;35.363;NA;NA;NA;NA;NA;;;;;4;4;1;;;;;;;;;;;;;;;;
Chromis_viridis;Chromis_viridis;CH_VI_MO_03_16_016;0.4;0.1068;31.928;25.045;NA;NA;NA;NA;NA;;;;;2;2;1;;;;;;;;;;;;;;;;
Chromis_viridis;Chromis_viridis;CH_VI_MO_03_16_017;0.4;0.1264;31.543;24.523;NA;NA;NA;NA;NA;;;;;3;2;1;;;;;;;;;;;;;;;;
Chromis_viridis;Chromis_viridis;CH_VI_MO_03_16_018;0.5;0.1501;34.232;25.908;NA;NA;NA;NA;NA;;;;;3;2;1;;;;;;;;;;;;;;;;
Chromis_viridis;Chromis_viridis;CH_VI_MO_03_16_019;0.5;0.1196;31.206;24.419;NA;NA;NA;NA;NA;;;;;2;2;1;;;;;;;;;;;;;;;;
Chromis_viridis;Chromis_viridis;CH_VI_MO_03_16_020;0.5;0.1439;36.048;26.384;NA;NA;NA;NA;NA;;;;;2;2;1;;;;;;;;;;;;;;;;
Chromis_viridis;Chromis_viridis;CH_VI_MO_03_16_021;0.8;0.2269;39.83;30.658;NA;NA;NA;NA;NA;;;;;2;2;1;;;;;;;;;;;;;;;;
Chromis_viridis;Chromis_viridis;CH_VI_MO_03_16_022;0.6;0.107;35.94;27.452;NA;NA;NA;NA;NA;;;;;3;2;1;;;;;;;;;;;;;;;;
Chromis_viridis;Chromis_viridis;CH_VI_MO_03_16_023;0.8;0.2626;37.381;29.834;NA;NA;NA;NA;NA;;;;;4;3;1;;;;;;;;;;;;;;;;
Chromis_viridis;Chromis_viridis;CH_VI_MO_03_16_024;0.5;0.1823;36.996;28.385;NA;NA;NA;NA;NA;;;;;3;2;1;;;;;;;;;;;;;;;;
Chromis_viridis;Chromis_viridis;CH_VI_MO_03_16_025;1;0.2217;40.127;30.819;NA;NA;NA;NA;NA;;;;;4;3;1;;;;;;;;;;;;;;;;
Cirrhilabrus_scottorum;Cirrhilabrus_scottorum;CI_SC_MO_03_16_001;4.1;1.0491;67.55;59.651;NA;NA;NA;NA;NA;;;;;5;3;2;;;;;;;;;;;;;;;;
Ctenochaetus_striatus;Ctenochaetus_striatus;CT_ST_MO_03_16_001;78;20.9;174.12;129.091;264;231.55;1.953;257.25;2.002;;;;;12;7;0;;;;;;;;;;;;;;;;
Ctenochaetus_striatus;Ctenochaetus_striatus;CT_ST_MO_03_16_002;47;12;160.4;117.294;265;13.667;1.708;15.267;1.815;;;;;9;7;0;;;;;;;;;;;;;;;;
Ctenochaetus_striatus;Ctenochaetus_striatus;CT_ST_MO_03_16_003;87;24.4;187.646;137.803;266;15.167;1.827;41.667;1.627;;;;;11;6;0;;;;;;;;;;;;;;;;
Ctenochaetus_striatus;Ctenochaetus_striatus;CT_ST_MO_03_16_004;74;19;176.999;130.087;267;16.867;1.429;15.767;1.855;;;;;12;8;0;;;;;;;;;;;;;;;;
Ctenochaetus_striatus;Ctenochaetus_striatus;CT_ST_MO_03_16_005;73;18.7;191.168;139.313;268;16.767;1.784;16.367;1.741;;;;;11;7;0;;;;;;;;;;;;;;;;
Ctenochaetus_striatus;Ctenochaetus_striatus;CT_ST_MO_03_16_006;76;20.1;178.766;130.921;269;44.567;1.834;48.067;1.794;;;;;11;8;0;;;;;;;;;;;;;;;;
Ctenochaetus_striatus;Ctenochaetus_striatus;CT_ST_MO_03_16_007;136;38.2;217.856;166.89;270;23.167;1.868;19.667;1.873;;;;;16;10;0;;;;;;;;;;;;;;;;
Ctenochaetus_striatus;Ctenochaetus_striatus;CT_ST_MO_03_16_008;148;42;217.629;172.337;271;13.367;1.65;17.367;1.565;;;;;13;9;0;;;;;;;;;;;;;;;;
Ctenochaetus_striatus;Ctenochaetus_striatus;CT_ST_MO_03_16_009;107;26;211.22;157.309;272;22.05;1.599;14.55;1.175;;;;;11;9;0;;;;;;;;;;;;;;;;
Ctenochaetus_striatus;Ctenochaetus_striatus;CT_ST_MO_03_16_010;90;21.1;188.335;138.506;NA;NA;NA;NA;NA;;;;;8;8;0;;;;;;;;;;;;;;;;
Ctenochaetus_striatus;Ctenochaetus_striatus;CT_ST_MO_03_16_011;113;30.1;196.762;147.953;NA;NA;NA;NA;NA;;;;;18;8;0;;;;;;;;;;;;;;;;
Ctenochaetus_striatus;Ctenochaetus_striatus;CT_ST_MO_03_16_012;52;13.9;152.53;109.288;NA;NA;NA;NA;NA;;;;;8;5;0;;;;;;;;;;;;;;;;
Ctenochaetus_striatus;Ctenochaetus_striatus;CT_ST_MO_03_16_013;108;28.1;204.612;152.218;NA;NA;NA;NA;NA;;;;;17;11;0;;;;;;;;;;;;;;;;
Ctenochaetus_striatus;Ctenochaetus_striatus;CT_ST_MO_03_16_014;86;22;199.478;146.409;NA;NA;NA;NA;NA;;;;;17;9;0;;;;;;;;;;;;;;;;
Ctenochaetus_striatus;Ctenochaetus_striatus;CT_ST_MO_03_16_015;125;36.8;213.417;159.631;NA;NA;NA;NA;NA;;;;;15;11;0;;;;;;;;;;;;;;;;
Ctenochaetus_striatus;Ctenochaetus_striatus;CT_ST_MO_03_16_016;69;18.8;175.166;128.228;NA;NA;NA;NA;NA;;;;;8;6;0;;;;;;;;;;;;;;;;
Ctenochaetus_striatus;Ctenochaetus_striatus;CT_ST_MO_03_16_017;87;24;192.732;140.368;273;49.15;1.738;42.75;1.608;;;;;14;9;0;;;;;;;;;;;;;;;;
Dascyllus_aruanus;Dascyllus_aruanus;DA_AR_MO_03_16_001;7.8;2.3767;70.639;53.843;7;77.12;1.81;NA;NA;;;;;5;4;;;;;;;;;;;;;;;;;
Dascyllus_aruanus;Dascyllus_aruanus;DA_AR_MO_03_16_002;6.5;3.1152;67.185;50.05;8;41.42;1.01;39.12;1.89;;;;;5;4;2;;;;;;;;;;;;;;;;
Dascyllus_aruanus;Dascyllus_aruanus;DA_AR_MO_03_16_003;5.8;1.7534;63.114;50.377;9;38.82;1.87;NA;NA;;;;;6;4;2;;;;;;;;;;;;;;;;
Dascyllus_aruanus;Dascyllus_aruanus;DA_AR_MO_03_16_004;5.4;1.6304;65.416;49.041;10;43.22;1.92;NA;NA;;;;;5;4;1;;;;;;;;;;;;;;;;
Dascyllus_aruanus;Dascyllus_aruanus;DA_AR_MO_03_16_005;4.6;1.3907;61.618;47.257;11;81.42;1.86;NA;NA;;;;;5;5;1;;;;;;;;;;;;;;;;
Dascyllus_aruanus;Dascyllus_aruanus;DA_AR_MO_03_16_006;5;1.6843;63.131;47.603;12;0;1.19;8.78;1.24;;;;;3;2;0;;;;;;;;;;;;;;;;
Dascyllus_aruanus;Dascyllus_aruanus;DA_AR_MO_03_16_007;5.5;1.672;60.622;48.223;153;20.862;1.797;23.163;1.913;;;;;4;4;1;;;;;;;;;;;;;;;;
Dascyllus_aruanus;Dascyllus_aruanus;DA_AR_MO_03_16_008;4.6;1.3396;60.28;45.629;154;12.444;1.541;12.344;1.63;;;;;5;5;1;;;;;;;;;;;;;;;;
Dascyllus_aruanus;Dascyllus_aruanus;DA_AR_MO_03_16_009;4.6;1.3324;61.187;48.053;155;27.45;1.963;29.15;1.801;;;;;3;2;0;;;;;;;;;;;;;;;;
Dascyllus_aruanus;Dascyllus_aruanus;DA_AR_MO_03_16_010;4.1;1.1795;58.874;45.309;156;46.95;1.91;46.75;1.871;;;;;4;4;1;;;;;;;;;;;;;;;;
Dascyllus_aruanus;Dascyllus_aruanus;DA_AR_MO_03_16_011;3.5;1.0841;56.828;44.823;NA;NA;NA;NA;NA;;;;;5;3;1;;;;;;;;;;;;;;;;
Dascyllus_aruanus;Dascyllus_aruanus;DA_AR_MO_03_16_012;3.7;1.0806;56.892;43.587;NA;NA;NA;NA;NA;;;;;5;4;1;;;;;;;;;;;;;;;;
Dascyllus_aruanus;Dascyllus_aruanus;DA_AR_MO_03_16_013;4.1;1.18;58.112;43.346;NA;NA;NA;NA;NA;;;;;3;2;1;;;;;;;;;;;;;;;;
Dascyllus_aruanus;Dascyllus_aruanus;DA_AR_MO_03_16_014;3.5;1.0266;54.764;40.981;NA;NA;NA;NA;NA;;;;;5;3;1;;;;;;;;;;;;;;;;
Dascyllus_aruanus;Dascyllus_aruanus;DA_AR_MO_03_16_015;3.2;1.0001;54.088;40.908;NA;NA;NA;NA;NA;;;;;4;3;0.5;;;;;;;;;;;;;;;;
Dascyllus_aruanus;Dascyllus_aruanus;DA_AR_MO_03_16_016;3.4;0.9355;54.441;41.677;NA;NA;NA;NA;NA;;;;;2;2;0;;;;;;;;;;;;;;;;
Dascyllus_aruanus;Dascyllus_aruanus;DA_AR_MO_03_16_017;4.1;1.2074;55.367;42.769;NA;NA;NA;NA;NA;;;;;4;4;0.5;;;;;;;;;;;;;;;;
Dascyllus_aruanus;Dascyllus_aruanus;DA_AR_MO_03_16_018;2.9;0.8177;51.352;39.012;NA;NA;NA;NA;NA;;;;;3;2;0.5;;;;;;;;;;;;;;;;
Dascyllus_aruanus;Dascyllus_aruanus;DA_AR_MO_03_16_019;3.1;0.894;51.729;42.203;NA;NA;NA;NA;NA;;;;;5;2;1;;;;;;;;;;;;;;;;
Dascyllus_aruanus;Dascyllus_aruanus;DA_AR_MO_03_16_020;2.9;0.8889;50.62;39.353;NA;NA;NA;NA;NA;;;;;3;2;1;;;;;;;;;;;;;;;;
Dascyllus_aruanus;Dascyllus_aruanus;DA_AR_MO_03_16_021;NA;0.791;48.633;38.562;NA;NA;NA;NA;NA;;;;;na;na;na;;;;;;;;;;;;;;;;
Dascyllus_aruanus;Dascyllus_aruanus;DA_AR_MO_03_16_022;NA;0.6889;47.065;36.356;NA;NA;NA;NA;NA;;;;;na;na;na;;;;;;;;;;;;;;;;
Dascyllus_aruanus;Dascyllus_aruanus;DA_AR_MO_03_16_023;NA;0.5815;43.661;34.104;NA;NA;NA;NA;NA;;;;;na;na;na;;;;;;;;;;;;;;;;
Dascyllus_aruanus;Dascyllus_aruanus;DA_AR_MO_03_16_024;NA;0.3631;39.412;29.393;NA;NA;NA;NA;NA;;;;;na;na;na;;;;;;;;;;;;;;;;
Dascyllus_aruanus;Dascyllus_aruanus;DA_AR_MO_03_16_025;1.1;0.3153;35.807;28.041;NA;NA;NA;NA;NA;;;;;2;2;0;;;;;;;;;;;;;;;;
Dascyllus_aruanus;Dascyllus_aruanus;DA_AR_MO_03_16_026;0.5;0.1276;29.248;23.086;NA;NA;NA;NA;NA;;;;;2;2;0;;;;;;;;;;;;;;;;
Dascyllus_aruanus;Dascyllus_aruanus;DA_AR_MO_03_16_027;NA;0.0333;19.882;13.794;NA;NA;NA;NA;NA;;;;;na;na;na;;;;;;;;;;;;;;;;
Epibulus_insidiator;Epibulus_insidiator;EP_IN_MO_03_16_001;187.7;60.9;219.548;177.795;50;45.41;1.9;NA;NA;;;;;16;14;40;;;;;;;;;;;;;;;;
Epibulus_insidiator;Epibulus_insidiator;EP_IN_MO_03_16_002;230.3;70.9;259.527;207.899;51;37.71;2.28;NA;NA;;;;;22;23;45;;;;;;;;;;;;;;;;
Epibulus_insidiator;Epibulus_insidiator;EP_IN_MO_03_16_003;128.2;39.1;215.213;174.545;52;112.21;1.91;NA;NA;;;;;17;17;37;;;;;;;;;;;;;;;;
Epibulus_insidiator;Epibulus_insidiator;EP_IN_MO_03_16_004;133.6;40.3;204.111;172.88;53;63.21;1.84;NA;NA;;;;;20;19;38;;;;;;;;;;;;;;;;
Epibulus_insidiator;Epibulus_insidiator;EP_IN_MO_03_16_005;114.4;35;189.088;163.55;54;64.61;1.96;NA;NA;;;;;17;17;32;;;;;;;;;;;;;;;;
Epibulus_insidiator;Epibulus_insidiator;EP_IN_MO_03_16_006;56.3;17;156.597;132.795;55;79.91;1.91;NA;NA;;;;;13;14;27;;;;;;;;;;;;;;;;
Epinephelus_merra;Epinephelus_merra;EP_ME_MO_03_16_001;172.6;47.415;242.292;206.258;NA;NA;NA;NA;NA;;;;;35;52;10;;;;;;;;;;;;;;;;
Epinephelus_merra;Epinephelus_merra;EP_ME_MO_03_16_002;134;39.43;213.249;180.914;NA;NA;NA;NA;NA;;;;;26;37;7;;;;;;;;;;;;;;;;
Epinephelus_merra;Epinephelus_merra;EP_ME_MO_03_16_003;177.7;34.1936;203.415;177.563;NA;NA;NA;NA;NA;;;;;33;43;10;;;;;;;;;;;;;;;;
Epinephelus_merra;Epinephelus_merra;EP_ME_MO_03_16_004;85.4;23.7381;181.678;154.329;NA;NA;NA;NA;NA;;;;;32;39;8;;;;;;;;;;;;;;;;
Epinephelus_merra;Epinephelus_merra;EP_ME_MO_03_16_005;77;22.1872;170.706;144.396;NA;NA;NA;NA;NA;;;;;31;41;6;;;;;;;;;;;;;;;;
Epinephelus_merra;Epinephelus_merra;EP_ME_MO_03_16_006;69;18.7932;170.017;144.697;NA;NA;NA;NA;NA;;;;;28;30;5;;;;;;;;;;;;;;;;
Epinephelus_merra;Epinephelus_merra;EP_ME_MO_03_16_007;56;14.9841;153.821;130.747;138;36.463;1.756;52.162;1.789;;;;;30;37;8;;;;;;;;;;;;;;;;
Epinephelus_merra;Epinephelus_merra;EP_ME_MO_03_16_008;52.8;14.9416;155.396;131.122;139;177.663;1.843;121.963;1.898;;;;;24;27;8;;;;;;;;;;;;;;;;
Epinephelus_merra;Epinephelus_merra;EP_ME_MO_03_16_009;40.4;11.485;148.634;124.874;140;63.463;1.792;32.163;1.874;;;;;26;25;5;;;;;;;;;;;;;;;;
Epinephelus_merra;Epinephelus_merra;EP_ME_MO_03_16_010;38.4;11.7119;134.966;114.851;141;69.463;1.849;72.162;1.823;;;;;25;25;5;;;;;;;;;;;;;;;;
Epinephelus_merra;Epinephelus_merra;EP_ME_MO_03_16_011;31.3;9.7056;126.516;110.402;NA;NA;NA;NA;NA;;;;;21;23;5;;;;;;;;;;;;;;;;
Epinephelus_merra;Epinephelus_merra;EP_ME_MO_03_16_012;26.9;7.8974;125.265;107;NA;NA;NA;NA;NA;;;;;20;22;6;;;;;;;;;;;;;;;;
Epinephelus_merra;Epinephelus_merra;EP_ME_MO_03_16_013;35.8;11.238;137.693;121.476;NA;NA;NA;NA;NA;;;;;23;28;4;;;;;;;;;;;;;;;;
Epinephelus_merra;Epinephelus_merra;EP_ME_MO_03_16_014;35.6;9.1525;134.756;116.392;NA;NA;NA;NA;NA;;;;;23;24;3;;;;;;;;;;;;;;;;
Epinephelus_merra;Epinephelus_merra;EP_ME_MO_03_16_015;25.4;5.8814;119.958;100.339;NA;NA;NA;NA;NA;;;;;23;28;6;;;;;;;;;;;;;;;;
Epinephelus_merra;Epinephelus_merra;EP_ME_MO_03_16_016;25.4;7.3995;119.466;102.453;NA;NA;NA;NA;NA;;;;;21;22;4;;;;;;;;;;;;;;;;
Epinephelus_merra;Epinephelus_merra;EP_ME_MO_03_16_017;23.6;7.8034;120.797;100.606;NA;NA;NA;NA;NA;;;;;22;22;3;;;;;;;;;;;;;;;;
Epinephelus_merra;Epinephelus_merra;EP_ME_MO_03_16_018;17.6;5.0671;108.138;91.452;NA;NA;NA;NA;NA;;;;;19;21;3;;;;;;;;;;;;;;;;
Epinephelus_merra;Epinephelus_merra;EP_ME_MO_03_16_019;24.7;6.5687;125.685;106.034;NA;NA;NA;NA;NA;;;;;25;25;6;;;;;;;;;;;;;;;;
Epinephelus_merra;Epinephelus_merra;EP_ME_MO_03_16_020;27.7;8.2692;127.511;108.723;NA;NA;NA;NA;NA;;;;;21;20;3;;;;;;;;;;;;;;;;
Epinephelus_merra;Epinephelus_merra;EP_ME_MO_03_16_021;NA;NA;111.417;94.124;NA;NA;NA;NA;NA;;;;;NA;NA;NA;;;;;;;;;;;;;;;;
Fistularia_commersonii;Fistularia_commersonii;FI_CO_MO_03_16_001;2.8;0.5708;251.398;197.478;NA;NA;NA;NA;NA;;;;;2;3;0;;;;;;;;;;;;;;;;
Fistularia_commersonii;Fistularia_commersonii;FI_CO_MO_03_16_002;1.7;0.3199;232.111;175.038;NA;NA;NA;NA;NA;;;;;4;2;0;;;;;;;;;;;;;;;;
Fistularia_commersonii;Fistularia_commersonii;FI_CO_MO_03_16_003;3.6;0.6683;276.696;209.196;NA;NA;NA;NA;NA;;;;;6;7;0;;;;;;;;;;;;;;;;
Fistularia_commersonii;Fistularia_commersonii;FI_CO_MO_03_16_004;1.9;0.4023;219.808;177.167;NA;NA;NA;NA;NA;;;;;4;2;0;;;;;;;;;;;;;;;;
Fistularia_commersonii;Fistularia_commersonii;FI_CO_MO_03_16_005;1.5;0.3116;233.609;170.257;NA;NA;NA;NA;NA;;;;;5;5;0;;;;;;;;;;;;;;;;
Fistularia_commersonii;Fistularia_commersonii;FI_CO_MO_03_16_006;1.9;0.4148;225.46;189.793;NA;NA;NA;NA;NA;;;;;5;4;0;;;;;;;;;;;;;;;;
Fistularia_commersonii;Fistularia_commersonii;FI_CO_MO_03_16_007;1.5;0.3068;230.458;172.276;NA;NA;NA;NA;NA;;;;;4;5;0;;;;;;;;;;;;;;;;
Fistularia_commersonii;Fistularia_commersonii;FI_CO_MO_03_16_008;0.8;0.152;190.742;144.642;NA;NA;NA;NA;NA;;;;;4;5;0;;;;;;;;;;;;;;;;
Fistularia_commersonii;Fistularia_commersonii;FI_CO_MO_03_16_009;1.4;0.3053;225.954;172.719;NA;NA;NA;NA;NA;;;;;4;5;0;;;;;;;;;;;;;;;;
Fistularia_commersonii;Fistularia_commersonii;FI_CO_MO_03_16_010;1.8;0.3586;235.265;176.113;NA;NA;NA;NA;NA;;;;;6;7;0;;;;;;;;;;;;;;;;
Gnatholepis_anjerensis;Gnatholepis_anjerensis;GN_AN_MO_03_16_001;2;0.4646;59.893;47.673;90;6.937;1.793;10.638;1.549;;;;;5;4;1;;;;;;;;;;;;;;;;
Gnatholepis_anjerensis;Gnatholepis_anjerensis;GN_AN_MO_03_16_002;1.7;0.3119;57.647;44.363;NA;NA;NA;NA;NA;;;;;5;4;2;;;;;;;;;;;;;;;;
Gnatholepis_anjerensis;Gnatholepis_anjerensis;GN_AN_MO_03_16_003;1.2;0.3;53.647;42.245;NA;NA;NA;NA;NA;;;;;4;5;2;;;;;;;;;;;;;;;;
Gnatholepis_anjerensis;Gnatholepis_anjerensis;GN_AN_MO_03_16_004;1.4;0.356;55.932;43.284;NA;NA;NA;NA;NA;;;;;6;4;1;;;;;;;;;;;;;;;;
Gnatholepis_anjerensis;Gnatholepis_anjerensis;GN_AN_MO_03_16_005;1.3;0.3303;55.88;43.802;NA;90.337;1.974;113.738;1.919;;;;;5;4;1;;;;;;;;;;;;;;;;
Gnatholepis_anjerensis;Gnatholepis_anjerensis;GN_AN_MO_03_16_006;1.4;0.3409;53.776;41.24;NA;NA;NA;NA;NA;;;;;5;4;0;;;;;;;;;;;;;;;;
Gnatholepis_anjerensis;Gnatholepis_anjerensis;GN_AN_MO_03_16_007;1.2;0.3123;53.039;41.901;NA;NA;NA;NA;NA;;;;;5;4;1;;;;;;;;;;;;;;;;
Gnatholepis_anjerensis;Gnatholepis_anjerensis;GN_AN_MO_03_16_008;1.3;0.3321;54.077;42.694;NA;NA;NA;NA;NA;;;;;6;5;1;;;;;;;;;;;;;;;;
Gnatholepis_anjerensis;Gnatholepis_anjerensis;GN_AN_MO_03_16_009;1.8;0.4166;55.154;44.617;NA;NA;NA;NA;NA;;;;;6;6;1;;;;;;;;;;;;;;;;
Gnatholepis_anjerensis;Gnatholepis_anjerensis;GN_AN_MO_03_16_010;1.2;0.2856;49.666;40.133;NA;NA;NA;NA;NA;;;;;5;4;1;;;;;;;;;;;;;;;;
Gnatholepis_anjerensis;Gnatholepis_anjerensis;GN_AN_MO_03_16_011;1;0.2148;42.399;34.025;NA;NA;NA;NA;NA;;;;;5;3;0;;;;;;;;;;;;;;;;
Gnatholepis_anjerensis;Gnatholepis_anjerensis;GN_AN_MO_03_16_012;1.2;0.3029;49.377;38.926;NA;NA;NA;NA;NA;;;;;5;5;0;;;;;;;;;;;;;;;;
Gnatholepis_anjerensis;Gnatholepis_anjerensis;GN_AN_MO_03_16_013;1.5;0.2911;47.685;39.318;NA;NA;NA;NA;NA;;;;;6;6;1;;;;;;;;;;;;;;;;
Gnatholepis_anjerensis;Gnatholepis_anjerensis;GN_AN_MO_03_16_014;0.5;0.1175;37.302;31.314;NA;NA;NA;NA;NA;;;;;4;2;0.5;;;;;;;;;;;;;;;;
Gnatholepis_anjerensis;Gnatholepis_anjerensis;GN_AN_MO_03_16_015;1;0.2599;48.28;39.677;NA;NA;NA;NA;NA;;;;;6;5;2;;;;;;;;;;;;;;;;
Gnatholepis_anjerensis;Gnatholepis_anjerensis;GN_AN_MO_03_16_016;0.9;0.2819;47.661;38.654;NA;NA;NA;NA;NA;;;;;5;5;1;;;;;;;;;;;;;;;;
Gnatholepis_anjerensis;Gnatholepis_anjerensis;GN_AN_MO_03_16_017;1.1;0.2567;49.329;39.235;NA;NA;NA;NA;NA;;;;;5;5;1;;;;;;;;;;;;;;;;
Gnatholepis_anjerensis;Gnatholepis_anjerensis;GN_AN_MO_03_16_018;1.6;0.3957;52.084;40.74;NA;NA;NA;NA;NA;;;;;6;5;1;;;;;;;;;;;;;;;;
Gnatholepis_anjerensis;Gnatholepis_anjerensis;GN_AN_MO_03_16_019;0.9;0.221;43.725;35.231;NA;NA;NA;NA;NA;;;;;5;4;1;;;;;;;;;;;;;;;;
Gnatholepis_anjerensis;Gnatholepis_anjerensis;GN_AN_MO_03_16_020;0.5;0.137;37.748;30.748;NA;NA;NA;NA;NA;;;;;4;3;1;;;;;;;;;;;;;;;;
Gnatholepis_cauerensis;Gnatholepis_cauerensis;GN_CA_MO_03_16_001;1.7;0.3956;54.387;42.584;NA;NA;NA;NA;NA;;;;;5;4;2;;;;;;;;;;;;;;;;
Gnatholepis_cauerensis;Gnatholepis_cauerensis;GN_CA_MO_03_16_002;1.8;0.4263;58.132;45.275;NA;NA;NA;NA;NA;;;;;5;4;2;;;;;;;;;;;;;;;;
Gnatholepis_cauerensis;Gnatholepis_cauerensis;GN_CA_MO_03_16_003;1.6;0.3895;56.796;44.289;NA;NA;NA;NA;NA;;;;;5;4;2;;;;;;;;;;;;;;;;
Gnatholepis_cauerensis;Gnatholepis_cauerensis;GN_CA_MO_03_16_004;1.8;0.4247;57.457;45.844;NA;NA;NA;NA;NA;;;;;5;4;2;;;;;;;;;;;;;;;;
Gnatholepis_cauerensis;Gnatholepis_cauerensis;GN_CA_MO_03_16_005;1;0.2624;45.9;36.305;NA;NA;NA;NA;NA;;;;;6;4;1;;;;;;;;;;;;;;;;
Gnatholepis_cauerensis;Gnatholepis_cauerensis;GN_CA_MO_03_16_006;1.3;0.3124;52.346;41.659;NA;NA;NA;NA;NA;;;;;5;4;2;;;;;;;;;;;;;;;;
Gnatholepis_cauerensis;Gnatholepis_cauerensis;GN_CA_MO_03_16_007;1.1;0.2459;47.276;36.937;NA;NA;NA;NA;NA;;;;;5;4;1;;;;;;;;;;;;;;;;
Gnatholepis_cauerensis;Gnatholepis_cauerensis;GN_CA_MO_03_16_008;1.2;0.2756;50.103;39.251;NA;NA;NA;NA;NA;;;;;5;4;1;;;;;;;;;;;;;;;;
Gnatholepis_cauerensis;Gnatholepis_cauerensis;GN_CA_MO_03_16_009;1;0.21;47.399;37.568;NA;NA;NA;NA;NA;;;;;5;4;2;;;;;;;;;;;;;;;;
Gnatholepis_cauerensis;Gnatholepis_cauerensis;GN_CA_MO_03_16_010;1.2;0.2611;48.628;37.196;NA;NA;NA;NA;NA;;;;;5;3;1;;;;;;;;;;;;;;;;
Gnatholepis_cauerensis;Gnatholepis_cauerensis;GN_CA_MO_03_16_011;1;0.232;49.452;39.158;NA;NA;NA;NA;NA;;;;;6;4;1;;;;;;;;;;;;;;;;
Gnatholepis_cauerensis;Gnatholepis_cauerensis;GN_CA_MO_03_16_012;1.2;0.2573;51.202;39.761;NA;NA;NA;NA;NA;;;;;6;4;1;;;;;;;;;;;;;;;;
Gnatholepis_cauerensis;Gnatholepis_cauerensis;GN_CA_MO_03_16_013;1;0.214;46.193;36.987;NA;NA;NA;NA;NA;;;;;5;3;1;;;;;;;;;;;;;;;;
Gnatholepis_cauerensis;Gnatholepis_cauerensis;GN_CA_MO_03_16_014;1.5;0.305;54.93;43.152;NA;NA;NA;NA;NA;;;;;6;4;2;;;;;;;;;;;;;;;;
Gnatholepis_cauerensis;Gnatholepis_cauerensis;GN_CA_MO_03_16_015;1.1;0.2705;48.328;38.599;NA;NA;NA;NA;NA;;;;;5;3;1;;;;;;;;;;;;;;;;
Gnatholepis_cauerensis;Gnatholepis_cauerensis;GN_CA_MO_03_16_016;1.4;0.3405;54.211;43.481;NA;NA;NA;NA;NA;;;;;6;4;1;;;;;;;;;;;;;;;;
Gnatholepis_cauerensis;Gnatholepis_cauerensis;GN_CA_MO_03_16_017;0.2;0.0729;34.416;27.404;NA;NA;NA;NA;NA;;;;;3;2;0.5;;;;;;;;;;;;;;;;
Gnatholepis_cauerensis;Gnatholepis_cauerensis;GN_CA_MO_03_16_018;0.4;0.0809;34.185;27.27;NA;NA;NA;NA;NA;;;;;3;3;0.5;;;;;;;;;;;;;;;;
Gomphosus_varius;Gomphosus_varius;GO_VA_MO_03_16_001;41.9;12.7;167.068;150.044;327;16.2;1.796;20.9;1.931;;;;;14;7;4;;;;;;;;;;;;;;;;
Gymnothorax_fimbriatus;Gymnothorax_fimbriatus;GY_FI_MO_03_16_001;89;25.6;409.554;404.402;172;62.725;1.863;65.925;1.856;;;;;46;22;0;;;;;;;;;;;;;;;;
Gymnothorax_fimbriatus;Gymnothorax_fimbriatus;GY_FI_MO_03_16_002;81.4;21;392.583;390.035;173;108.825;1.856;112.825;1.892;;;;;40;18;0;;;;;;;;;;;;;;;;
Gymnothorax_fimbriatus;Gymnothorax_fimbriatus;GY_FI_MO_03_16_003;50.5;12.4;346.359;343.258;174;77.725;1.859;77.625;1.856;;;;;42;19;0;;;;;;;;;;;;;;;;
Gymnothorax_fimbriatus;Gymnothorax_fimbriatus;GY_FI_MO_03_16_004;45;10;337.751;334.819;175;86.725;1.889;92.325;1.856;;;;;28;18;0;;;;;;;;;;;;;;;;
Gymnothorax_fimbriatus;Gymnothorax_fimbriatus;GY_FI_MO_03_16_005;38.7;9.3;327.762;324.464;176;51.725;1.807;52.725;1.83;;;;;36;18;0;;;;;;;;;;;;;;;;
Gymnothorax_fimbriatus;Gymnothorax_fimbriatus;GY_FI_MO_03_16_006;12;1.5;231.726;229.009;177;69.325;1.868;189.425;1.706;;;;;23;14;0;;;;;;;;;;;;;;;;
Gymnothorax_fimbriatus;Gymnothorax_fimbriatus;GY_FI_MO_03_16_007;3.8;0.4;153.515;152.468;NA;NA;NA;NA;NA;;;;;12;3;0;;;;;;;;;;;;;;;;
Halichoeres_trimaculatus;Halichoeres_trimaculatus;HA_TR_MO_03_16_001;26;6.6316;122.656;107.769;60;127.71;1.88;NA;NA;;;;;8;9;1;;;;;;;;;;;;;;;;
Halichoeres_trimaculatus;Halichoeres_trimaculatus;HA_TR_MO_03_16_002;12.1;2.9058;101.025;86.328;61*;18.3;2.79;2.1;1.45;;;;;8;7;2;;;;;;;;;;;;;;;;
Halichoeres_trimaculatus;Halichoeres_trimaculatus;HA_TR_MO_03_16_003;4.7;1.1073;74.874;65.453;NA;NA;NA;NA;NA;;;;;5;2;2;;;;;;;;;;;;;;;;
Halichoeres_trimaculatus;Halichoeres_trimaculatus;HA_TR_MO_03_16_004;3.7;0.8488;68.185;57.86;62;50.71;1.88;NA;NA;;;;;4;3;2;;;;;;;;;;;;;;;;
Halichoeres_trimaculatus;Halichoeres_trimaculatus;HA_TR_MO_03_16_005;3.5;0.8401;68.014;60.04;63;13.91;1.77;NA;NA;;;;;5;5;1;;;;;;;;;;;;;;;;
Halichoeres_trimaculatus;Halichoeres_trimaculatus;HA_TR_MO_03_16_006;3.4;0.8031;64.395;57.328;NA;NA;NA;NA;NA;;;;;4;3;1;;;;;;;;;;;;;;;;
Halichoeres_trimaculatus;Halichoeres_trimaculatus;HA_TR_MO_03_16_007;2.3;0.613;59.936;51.963;NA;NA;NA;NA;NA;;;;;4;3;1;;;;;;;;;;;;;;;;
Halichoeres_trimaculatus;Halichoeres_trimaculatus;HA_TR_MO_03_16_008;2.4;0.6112;58.813;51.028;NA;NA;NA;NA;NA;;;;;4;3;1;;;;;;;;;;;;;;;;
Halichoeres_trimaculatus;Halichoeres_trimaculatus;HA_TR_MO_03_16_009;1.5;0.4103;48.604;42.793;NA;NA;NA;NA;NA;;;;;4;3;1;;;;;;;;;;;;;;;;
Halichoeres_trimaculatus;Halichoeres_trimaculatus;HA_TR_MO_03_16_010;1.6;0.445;51.38;44.244;NA;NA;NA;NA;NA;;;;;4;3;1;;;;;;;;;;;;;;;;
Halichoeres_trimaculatus;Halichoeres_trimaculatus;HA_TR_MO_03_16_011;1.4;0.3703;48.232;42.393;NA;NA;NA;NA;NA;;;;;3;2;1;;;;;;;;;;;;;;;;
Halichoeres_trimaculatus;Halichoeres_trimaculatus;HA_TR_MO_03_16_012;1.5;0.4053;49.82;42.671;NA;NA;NA;NA;NA;;;;;3;2;0;;;;;;;;;;;;;;;;
Halichoeres_trimaculatus;Halichoeres_trimaculatus;HA_TR_MO_03_16_013;1.1;0.3095;46.532;39.397;NA;NA;NA;NA;NA;;;;;3;2;0;;;;;;;;;;;;;;;;
Halichoeres_trimaculatus;Halichoeres_trimaculatus;HA_TR_MO_03_16_014;0.7;0.1798;38.06;32.759;NA;NA;NA;NA;NA;;;;;1;1;0;;;;;;;;;;;;;;;;
Lethrinus_olivaceus;Lethrinus_olivaceus;LE_OL_TA_03_16_001;1736;618.7;531.428;462.329;NA;NA;NA;NA;NA;;;;;57;57;21;;;;;;;;;;;;;;;;
Liopropoma_sp;Liopropoma_sp;LI_SP_MO_03_16_001;4.8;1.357;67.848;59.901;NA;NA;NA;NA;NA;;;;;17;14;4;;;;;;;;;;;;;;;;
Liopropoma_sp;Liopropoma_sp;LI_SP_MO_03_16_002;4.6;1.2883;67.34;59.135;NA;NA;NA;NA;NA;;;;;14;13;2;;;;;;;;;;;;;;;;
Liopropoma_sp;Liopropoma_sp;LI_SP_MO_03_16_003;2.4;0.4847;49.603;43.377;NA;NA;NA;NA;NA;;;;;10;8;1;;;;;;;;;;;;;;;;
Liopropoma_sp;Liopropoma_sp;LI_SP_MO_03_16_004;1.3;0.316;43.872;37.409;NA;NA;NA;NA;NA;;;;;7;7;1;;;;;;;;;;;;;;;;
Lutjanus_fulvus;Lutjanus_fulvus;LU_FU_MO_03_16_007;326.7;111.7;284.014;234.943;308;16.8;1.676;16.7;1.634;;;;;35;42;10;;;;;;;;;;;;;;;;
Lutjanus_fulvus;Lutjanus_fulvus;LU_FU_MO_03_16_008;102.2;35.4;194.795;159.355;309;31.6;1.482;29.7;1.604;;;;;24;24;5;;;;;;;;;;;;;;;;
Lutjanus_fulvus;Lutjanus_fulvus;LU_FU_MO_03_16_009;173.6;56.9;227.596;185.855;310;50.5;1.855;50.9;1.856;;;;;31;34;8;;;;;;;;;;;;;;;;
Lutjanus_fulvus;Lutjanus_fulvus;LU_FU_MO_03_16_010;136;51.3;220.079;176.261;311;11;1.74;11.8;1.756;;;;;28;33;4;;;;;;;;;;;;;;;;
Lutjanus_fulvus;Lutjanus_fulvus;LU_FU_MO_03_16_011;172.7;69.8;232.242;190.199;312;20.7;1.861;22.3;1.825;;;;;30;35;3;;;;;;;;;;;;;;;;
Lutjanus_fulvus;Lutjanus_fulvus;LU_FU_MO_03_16_012;131.9;40.4;209.836;173.273;313;13.8;1.764;12.4;1.818;;;;;30;37;6;;;;;;;;;;;;;;;;
Lutjanus_fulvus;Lutjanus_fulvus;LU_FU_TA_03_16_001;327.4;95.5;288.888;237.419;NA;NA;NA;NA;NA;;;;;35;37;6;;;;;;;;;;;;;;;;
Lutjanus_fulvus;Lutjanus_fulvus;LU_FU_TA_03_16_002;241.1;73.9;258.492;209.45;NA;NA;NA;NA;NA;;;;;29;31;7;;;;;;;;;;;;;;;;
Lutjanus_fulvus;Lutjanus_fulvus;LU_FU_TA_03_16_003;234.5;88.3;254.728;210.563;NA;NA;NA;NA;NA;;;;;33;36;14;;;;;;;;;;;;;;;;
Lutjanus_fulvus;Lutjanus_fulvus;LU_FU_TA_03_16_004;241.9;58.1;287.425;234.708;NA;NA;NA;NA;NA;;;;;26;40;6;;;;;;;;;;;;;;;;
Lutjanus_fulvus;Lutjanus_fulvus;LU_FU_TA_03_16_005;165.6;45.3;232.346;183.646;NA;NA;NA;NA;NA;;;;;31;30;8;;;;;;;;;;;;;;;;
Lutjanus_fulvus;Lutjanus_fulvus;LU_FU_TA_03_16_006;313.1;116;284.039;234.114;NA;NA;NA;NA;NA;;;;;24;40;7;;;;;;;;;;;;;;;;
Lutjanus_rivulatus;Lutjanus_rivulatus;LU_RI_TA_03_16_001;1133.1;377.6;394.332;332.259;NA;NA;NA;NA;NA;;;;;56;66;13;;;;;;;;;;;;;;;;
Melichthys_vidua;Melichthys_vidua;ME_VI_MO_03_16_001;205;62.8;204.293;177.484;111;9.5;1.37;19.2;2.05;;;;;15;11;0;;;;;;;;;;;;;;;;
Melichthys_vidua;Melichthys_vidua;ME_VI_MO_03_16_002;151.9;52;180.357;156.541;112;14.2;1.62;NA;NA;;;;;13;11;0;;;;;;;;;;;;;;;;
Melichthys_vidua;Melichthys_vidua;ME_VI_MO_03_16_003;179.6;62.5;196.578;175.383;113;19.3;2.78;8;2.03;;;;;15;12;0;;;;;;;;;;;;;;;;
Monotaxis_grandoculis;Monotaxis_grandoculis;MO_GR_MO_03_16_002;339.7;93.2;310.32;247.569;NA;NA;NA;NA;NA;;;;;35;33;5;;;;;;;;;;;;;;;;
Monotaxis_grandoculis;Monotaxis_grandoculis;MO_GR_MO_03_16_003;280.9;71.3;285.051;226.686;223;137.885;1.88;138.845;1.895;;;;;32;32;5;;;;;;;;;;;;;;;;
Monotaxis_grandoculis;Monotaxis_grandoculis;MO_GR_MO_03_16_004;115.4;23;199.873;153.482;224;36.685;2.165;16.285;1.875;;;;;24;21;7;;;;;;;;;;;;;;;;
Monotaxis_grandoculis;Monotaxis_grandoculis;MO_GR_TA_03_16_001;985.5;248.5;401.193;331.616;NA;NA;NA;NA;NA;;;;;impossibilit d'ouvrir la bouche ;;;;;;;;;;;;;;;;;;
Mulloidichthys_flavolineatus;Mulloidichthys_flavolineatus;MU_FL_MO_03_16_001;12;3.1771;119.266;96.575;NA;NA;NA;NA;NA;;;;;10;11;3;;;;;;;;;;;;;;;;
Mulloidichthys_flavolineatus;Mulloidichthys_flavolineatus;MU_FL_MO_03_16_002;12.6;3.4758;124.28;100.115;341;17.407;1.981;18.907;1.646;;;;;10;11;3;;;;;;;;;;;;;;;;
Mulloidichthys_flavolineatus;Mulloidichthys_flavolineatus;MU_FL_MO_03_16_003;10.4;2.9084;111.201;95.151;342;30.807;1.814;29.507;1.614;;;;;8;7;2;;;;;;;;;;;;;;;;
Mulloidichthys_flavolineatus;Mulloidichthys_flavolineatus;MU_FL_MO_03_16_004;9.4;2.4043;111.135;92.943;NA;NA;NA;NA;NA;;;;;10;9;3;;;;;;;;;;;;;;;;
Mulloidichthys_flavolineatus;Mulloidichthys_flavolineatus;MU_FL_MO_03_16_005;8.3;2.2264;95.701;79.236;343;12.007;1.91;13.807;1.729;;;;;10;10;2;;;;;;;;;;;;;;;;
Mulloidichthys_flavolineatus;Mulloidichthys_flavolineatus;MU_FL_MO_03_16_006;8.6;2.2048;99.492;83.805;344;35.807;1.801;21.307;1.422;;;;;8;7;1;;;;;;;;;;;;;;;;
Mulloidichthys_flavolineatus;Mulloidichthys_flavolineatus;MU_FL_MO_03_16_007;7.6;2.2159;96.545;80.887;NA;NA;NA;NA;NA;;;;;8;8;1;;;;;;;;;;;;;;;;
Mulloidichthys_flavolineatus;Mulloidichthys_flavolineatus;MU_FL_MO_03_16_008;6.1;1.5174;96.29;80.279;345;50.607;1.911;36.807;1.416;;;;;7;7;1;;;;;;;;;;;;;;;;
Mulloidichthys_flavolineatus;Mulloidichthys_flavolineatus;MU_FL_MO_03_16_009;201;58;311.136;253.187;NA;NA;NA;NA;NA;;;;;25;22;9;;;;;;;;;;;;;;;;
Mulloidichthys_flavolineatus;Mulloidichthys_flavolineatus;MU_FL_MO_03_16_001B;228.3;65.5;299.286;244.363;346;8.007;1.673;10.307;1.691;;;;;27;28;10;;;;;;;;;;;;;;;;
Mulloidichthys_flavolineatus;Mulloidichthys_flavolineatus;MU_FL_MO_03_16_002B;182.5;56.2;271.5;221.251;347;218.507;1.879;227.907;1.87;;;;;27;28;8;;;;;;;;;;;;;;;;
Mulloidichthys_vanicolensis;Mulloidichthys_vanicolensis;MU_VA_MO_03_16_003;197.6;61.4;259.814;218.784;348;225.35;1.523;242.95;1.569;;;;;26;27;9;;;;;;;;;;;;;;;;
Mulloidichthys_flavolineatus;Mulloidichthys_flavolineatus;MU_FL_MO_03_16_004B;258.7;72.3;301.421;254.91;349;65.507;1.846;65.107;1.845;;;;;25;27;9;;;;;;;;;;;;;;;;
Mulloidichthys_flavolineatus;Mulloidichthys_flavolineatus;MU_FL_MO_03_16_005B;191.1;57.5;270.413;223.256;NA;NA;NA;NA;NA;;;;;21;21;5;;;;;;;;;;;;;;;;
Mulloidichthys_flavolineatus;Mulloidichthys_flavolineatus;MU_FL_MO_03_16_006B;202.7;57.8;277.907;232.429;350;286.05;1.693;354.75;1.652;;;;;26;27;6;;;;;;;;;;;;;;;;
Mulloidichthys_flavolineatus;Mulloidichthys_flavolineatus;MU_FL_MO_03_16_007B;169.8;48.2;260.813;219.23;NA;NA;NA;NA;NA;;;;;24;22;9;;;;;;;;;;;;;;;;
Mulloidichthys_vanicolensis;Mulloidichthys_vanicolensis;MU_VA_MO_03_16_008;192.6;56.5;268.145;226.038;NA;NA;NA;NA;NA;;;;;26;31;7;;;;;;;;;;;;;;;;
Mulloidichthys_flavolineatus;Mulloidichthys_flavolineatus;MU_FL_MO_03_16_009B;168.9;43.9;278.934;226.562;NA;18.007;1.865;17.907;1.775;;;;;23;19;8;;;;;;;;;;;;;;;;
Mulloidichthys_flavolineatus;Mulloidichthys_flavolineatus;MU_FL_MO_03_16_010B;165.6;48.7;268.299;220.272;NA;NA;NA;NA;NA;;;;;23;22;9;;;;;;;;;;;;;;;;
Mulloidichthys_flavolineatus;Mulloidichthys_flavolineatus;MU_FL_MO_03_16_011B;147;45.3;256.599;208.98;NA;NA;NA;NA;NA;;;;;24;25;7;;;;;;;;;;;;;;;;
Mulloidichthys_flavolineatus;Mulloidichthys_flavolineatus;MU_FL_MO_03_16_012B;143.8;42.3;257.143;207.891;NA;49.85;1.788;55.55;1.764;;;;;22;25;5;;;;;;;;;;;;;;;;
Mulloidichthys_flavolineatus;Mulloidichthys_flavolineatus;MU_FL_MO_03_16_013B;153;43.7;257.481;211.495;NA;NA;NA;NA;NA;;;;;23;24;5;;;;;;;;;;;;;;;;
Mulloidichthys_flavolineatus;Mulloidichthys_flavolineatus;MU_FL_MO_03_16_014B;138.3;37.8;257.212;211.194;NA;NA;NA;NA;NA;;;;;21;22;7;;;;;;;;;;;;;;;;
Mulloidichthys_flavolineatus;Mulloidichthys_flavolineatus;MU_FL_MO_03_16_015B;141;44.7;257.077;211.329;353;15.007;1.833;14.407;1.782;;;;;22;25;6;;;;;;;;;;;;;;;;
Myripristis_berndti;Myripristis_berndti;MY_BE_MO_03_16_001;210;54.7;228.3;184.088;72;49.038;1.553;64.337;1.626;;;;;43;40;5;;;;;;;;;;;;;;;;
Myripristis_berndti;Myripristis_berndti;MY_BE_MO_03_16_002;173.8;49.6;227.284;184.469;73;35.58;1.93;NA;NA;;;;;42;45;7;;;;;;;;;;;;;;;;
Myripristis_berndti;Myripristis_berndti;MY_BE_MO_03_16_003;177;72.5;210.692;166.236;NA;NA;NA;NA;NA;;;;;34;37;7;;;;;;;;;;;;;;;;
Myripristis_berndti;Myripristis_berndti;MY_BE_MO_03_16_004;154.2;69.3;212.798;173.821;NA;NA;NA;NA;NA;;;;;41;47;6;;;;;;;;;;;;;;;;
Myripristis_berndti;Myripristis_berndti;MY_BE_MO_03_16_005;90.3;26.9;172.198;136.544;74;40.238;1.874;39.838;1.847;;;;;40;42;8;;;;;;;;;;;;;;;;
Myripristis_berndti;Myripristis_berndti;MY_BE_MO_03_16_006;78;24.3;171.635;132.944;75;25.49;2.43;22.49;2.65;;;;;25;25;3.5;;;;;;;;;;;;;;;;
Myripristis_berndti;Myripristis_berndti;MY_BE_MO_03_16_007;82.5;24.6;174.897;138.23;NA;NA;NA;NA;NA;;;;;29;26;3;;;;;;;;;;;;;;;;
Myripristis_berndti;Myripristis_berndti;MY_BE_MO_03_16_008;75;24.1;172.671;135.558;NA;NA;NA;NA;NA;;;;;31;35;8;;;;;;;;;;;;;;;;
Myripristis_berndti;Myripristis_berndti;MY_BE_MO_03_16_009;60.9;20.5;157.483;125.682;NA;127.99;1.95;NA;NA;;;;;23;24;3;;;;;;;;;;;;;;;;
Myripristis_berndti;Myripristis_berndti;MY_BE_MO_03_16_010;53.2;17.3;154.092;120.559;NA;37.79;1.61;NA;NA;;;;;26;27;8;;;;;;;;;;;;;;;;
Myripristis_berndti;Myripristis_berndti;MY_BE_MO_03_16_011;53.6;17;149.816;116.733;NA;NA;NA;NA;NA;;;;;30;31;6;;;;;;;;;;;;;;;;
Myripristis_berndti;Myripristis_berndti;MY_BE_MO_03_16_012;49.5;12.1;146.719;115.271;NA;NA;NA;NA;NA;;;;;20;22;3;;;;;;;;;;;;;;;;
Myripristis_berndti;Myripristis_berndti;MY_BE_MO_03_16_013;210.3;103.6;226.37;186.222;114;31.9;1.711;44.3;1.694;;;;;46;51;7;;;;;;;;;;;;;;;;
Myripristis_berndti;Myripristis_berndti;MY_BE_MO_03_16_014;174.4;74.2;220.856;180.378;115;94.8;1.891;126.4;1.866;;;;;46;53;8;;;;;;;;;;;;;;;;
Myripristis_berndti;Myripristis_berndti;MY_BE_MO_03_16_015;203.6;89.3;227.692;191.12;116;64.8;1.8;48.3;1.847;;;;;45;52;7;;;;;;;;;;;;;;;;
Naso_lituratus;Naso_lituratus;NA_LI_MO_03_16_001;229.5;78.6;323.235;223.603;204;58.266;1.82;87.669;1.756;;;;;19;12;0;;;;;;;;;;;;;;;;
Naso_lituratus;Naso_lituratus;NA_LI_MO_03_16_002;279.1;99.3;303.812;221.64;205;105.069;1.849;109.369;1.819;;;;;16;14;0;;;;;;;;;;;;;;;;
Naso_lituratus;Naso_lituratus;NA_LI_MO_03_16_003;216.6;73.3;282.408;214.162;206;113.969;1.853;101.769;1.881;;;;;14;13;0;;;;;;;;;;;;;;;;
Naso_lituratus;Naso_lituratus;NA_LI_MO_03_16_004;175.6;54.4;232.531;195.526;207;138.069;1.86;126.469;1.825;;;;;15;13;0;;;;;;;;;;;;;;;;
Naso_lituratus;Naso_lituratus;NA_LI_MO_03_16_005;208.1;83.9;243.1;207.737;208;6.369;1.896;177.569;1.903;;;;;12;13;0;;;;;;;;;;;;;;;;
Naso_lituratus;Naso_lituratus;NA_LI_MO_03_16_006;153.9;43.7;228.038;196.723;209;72.969;1.842;76.769;1.872;;;;;13;12;0;;;;;;;;;;;;;;;;
Naso_unicornis;Naso_unicornis;NA_UN_MO_03_16_001;349.7;117.7;297.193;247.317;336;59.807;1.888;57.407;1.829;;;;;23;23;0;;;;;;;;;;;;;;;;
Naso_unicornis;Naso_unicornis;NA_UN_MO_03_16_002;323.6;98.6;283.725;234.474;337;62.407;1.875;61.107;1.819;;;;;20;17;0;;;;;;;;;;;;;;;;
Naso_unicornis;Naso_unicornis;NA_UN_MO_03_16_003;290.5;92.6;264.241;223.756;338;47.107;1.813;44.667;1.785;;;;;21;19;0;;;;;;;;;;;;;;;;
Naso_unicornis;Naso_unicornis;NA_UN_MO_03_16_004;242.5;72.7;244.49;209.436;339;93.807;1.877;85.107;1.855;;;;;18;19;0;;;;;;;;;;;;;;;;
Naso_unicornis;Naso_unicornis;NA_UN_MO_03_16_005;227.8;70.7;251.681;221.163;340;40.507;1.778;40.907;1.795;;;;;16;16;0;;;;;;;;;;;;;;;;
Naso_unicornis;Naso_unicornis;NA_UN_MO_03_16_008;2252.2;344.2;556.267;451.482;188;3.181;2.909;58.481;2.06;;;;;27;28;0;;;;;;;;;;;;;;;;
Naso_unicornis;Naso_unicornis;NA_UN_MO_03_16_009;50.6;11.8;141.882;114.868;189;45.881;1.851;27.981;1.761;;;;;11;13;0;;;;;;;;;;;;;;;;
Naso_unicornis;Naso_unicornis;NA_UN_TA_03_16_006;1960;221.2;564.104;469.569;186;43.881;1.579;41.381;1.703;;;;;25;28;0;;;;;;;;;;;;;;;;
Naso_unicornis;Naso_unicornis;NA_UN_TA_03_16_007;1052.5;409.6;441.023;366.804;187;6.781;1.476;13.981;1.671;;;;;30;21;0;;;;;;;;;;;;;;;;
Naso_vlamingii;Naso_vlamingii;NA_VL_TA_03_16_001;450.4;109.8;392.735;294.066;NA;NA;NA;NA;NA;;;;;19;19;0;;;;;;;;;;;;;;;;
Nemateleotris_magnifica;Nemateleotris_magnifica;NE_MA_MO_03_16_001;0.3;0.049;36.147;32.062;NA;NA;NA;NA;NA;;;;;3;2;0.5;;;;;;;;;;;;;;;;
Nemateleotris_magnifica;Nemateleotris_magnifica;NE_MA_MO_03_16_002;0.1;0.0176;27.65;23.305;NA;NA;NA;NA;NA;;;;;1;1;0.5;;;;;;;;;;;;;;;;
Neocirrhites_armatus;Neocirrhites_armatus;NE_AR_MO_03_16_001;11.4;3.96;77.263;69.784;NA;NA;NA;NA;NA;;;;;8;7;1;;;;;;;;;;;;;;;;
Odonus_niger;Odonus_niger;OD_NI_MO_03_16_001;179;48.3;262.057;183.832;101;1651.437;2.1;982.038;2.101;;;;;3;5;0;;;;;;;;;;;;;;;;
Odonus_niger;Odonus_niger;OD_NI_MO_03_16_002;91;25.3;203.825;143.345;102;78.5;1.95;NA;NA;;;;;7;5;0;;;;;;;;;;;;;;;;
Odonus_niger;Odonus_niger;OD_NI_MO_03_16_003;108;30.9;219.141;146.424;103;4;1.95;10.4;1.84;;;;;10;6;0;;;;;;;;;;;;;;;;
Odonus_niger;Odonus_niger;OD_NI_MO_03_16_004;119;35.4;198.592;161.421;104;12.6;1.63;NA;NA;;;;;5;4;0;;;;;;;;;;;;;;;;
Odonus_niger;Odonus_niger;OD_NI_MO_03_16_005;196;52.6;293.074;181.261;105;19.7;2.25;NA;NA;;;;;13;9;0;;;;;;;;;;;;;;;;
Odonus_niger;Odonus_niger;OD_NI_MO_03_16_006;186;50.9;290.242;182.675;106;0.1;0.4;0;0;;;;;11;9;0;;;;;;;;;;;;;;;;
Odonus_niger;Odonus_niger;OD_NI_MO_03_16_007;170;50;268.171;187.265;117;62;1.706;2.6;1.41;;;;;3;6;0;;;;;;;;;;;;;;;;
Odonus_niger;Odonus_niger;OD_NI_MO_03_16_008;182;50.6;289.603;184.308;118;26.5;1.785;23.8;1.825;;;;;7;6;0;;;;;;;;;;;;;;;;
Odonus_niger;Odonus_niger;OD_NI_MO_03_16_009;103;30.4;214.658;153.45;119;175.338;1.964;115.238;2.044;;;;;7;6;0;;;;;;;;;;;;;;;;
Odonus_niger;Odonus_niger;OD_NI_MO_03_16_010;103;29.9;209.178;145.894;120;5.5;1.36;25.5;1.651;;;;;9;8;0;;;;;;;;;;;;;;;;
Odonus_niger;Odonus_niger;OD_NI_MO_03_16_011;170;48.5;249.711;182.96;121;140.38;1.969;35.538;1.873;;;;;4;6;0;;;;;;;;;;;;;;;;
Odonus_niger;Odonus_niger;OD_NI_MO_03_16_012;157;46.5;259.225;177.298;122;9.5;1.81;7.6;1.449;;;;;11;8;0;;;;;;;;;;;;;;;;
Odonus_niger;Odonus_niger;OD_NI_MO_03_16_013;66;17.7;181.96;125.284;NA;NA;NA;NA;NA;;;;;5;4;0;;;;;;;;;;;;;;;;
Odonus_niger;Odonus_niger;OD_NI_MO_03_16_014;67;18.4;175.686;124.85;123;169.438;2.04;284.137;2.008;;;;;9;5;0;;;;;;;;;;;;;;;;
Ostorhinchus_angustatus;Ostorhinchus_angustatus;OS_AN_MO_03_16_001;7.1;1.8577;82.2;68.287;78;138.29;1.93;NA;NA;;;;;19;19;2;;;;;;;;;;;;;;;;
Ostorhinchus_angustatus;Ostorhinchus_angustatus;OS_AN_MO_03_16_002;6.2;1.6885;81.912;66.198;79;32.29;2.88;39.89;2.23;;;;;15;17;5;;;;;;;;;;;;;;;;
Ostorhinchus_angustatus;Ostorhinchus_angustatus;OS_AN_MO_03_16_003;5.3;1.5661;83.009;67.498;80;0;1.69;0.68;0;;;;;16;13;2;;;;;;;;;;;;;;;;
Ostorhinchus_angustatus;Ostorhinchus_angustatus;OS_AN_MO_03_16_004;5.5;1.6712;78.92;68.235;81;146.89;1.86;NA;NA;;;;;16;16;2;;;;;;;;;;;;;;;;
Ostorhinchus_angustatus;Ostorhinchus_angustatus;OS_AN_MO_03_16_005;3.6;1.0335;73.473;60.688;82;7.59;1.86;NA;NA;;;;;15;14;2;;;;;;;;;;;;;;;;
Ostorhinchus_angustatus;Ostorhinchus_angustatus;OS_AN_MO_03_16_006;5.4;1.29;80.348;66.424;83;59.89;1.77;NA;NA;;;;;15;12;3;;;;;;;;;;;;;;;;
Ostorhinchus_angustatus;Ostorhinchus_angustatus;OS_AN_MO_03_16_007;4.5;1.2143;72.89;61.852;157;35.157;1.968;28.957;1.997;;;;;16;16;2;;;;;;;;;;;;;;;;
Ostorhinchus_angustatus;Ostorhinchus_angustatus;OS_AN_MO_03_16_008;3.6;0.9538;68.022;54.87;158;19.577;1.983;23.057;1.994;;;;;12;13;1;;;;;;;;;;;;;;;;
Ostorhinchus_angustatus;Ostorhinchus_angustatus;OS_AN_MO_03_16_009;4.6;1.2279;75.106;61.488;159;38.644;1.896;37.144;1.878;;;;;16;17;2;;;;;;;;;;;;;;;;
Ostorhinchus_angustatus;Ostorhinchus_angustatus;OS_AN_MO_03_16_010;4.3;1.115;74.949;61.528;160;33.644;1.71;17.044;1.539;;;;;17;14;2;;;;;;;;;;;;;;;;
Ostorhinchus_angustatus;Ostorhinchus_angustatus;OS_AN_MO_03_16_011;3.5;1.0273;70.369;57.893;161;68.844;1.827;93.044;1.854;;;;;11;10;3;;;;;;;;;;;;;;;;
Ostorhinchus_angustatus;Ostorhinchus_angustatus;OS_AN_MO_03_16_012;3;0.7688;67.607;55.506;162;62.85;1.905;44.65;1.839;;;;;13;14;2;;;;;;;;;;;;;;;;
Ostorhinchus_angustatus;Ostorhinchus_angustatus;OS_AN_MO_03_16_013;2.9;0.6896;60.236;51.629;163;40.306;1.82;34.306;1.859;;;;;14;15;2;;;;;;;;;;;;;;;;
Ostorhinchus_angustatus;Ostorhinchus_angustatus;OS_AN_MO_03_16_014;2.4;0.4969;57.957;46.942;NA;NA;NA;NA;NA;;;;;13;13;1;;;;;;;;;;;;;;;;
Ostorhinchus_angustatus;Ostorhinchus_angustatus;OS_AN_MO_03_16_015;1.2;0.2632;46.392;37.569;NA;NA;NA;NA;NA;;;;;8;8;1;;;;;;;;;;;;;;;;
Ostorhinchus_angustatus;Ostorhinchus_angustatus;OS_AN_MO_03_16_016;1;0.2489;44.07;36.69;NA;NA;NA;NA;NA;;;;;7;5;1;;;;;;;;;;;;;;;;
Ostorhinchus_angustatus;Ostorhinchus_angustatus;OS_AN_MO_03_16_017;1.1;0.251;48.04;40.09;NA;NA;NA;NA;NA;;;;;9;11;1;;;;;;;;;;;;;;;;
Ostorhinchus_angustatus;Ostorhinchus_angustatus;OS_AN_MO_03_16_018;0.8;0.2143;43.555;35.53;NA;NA;NA;NA;NA;;;;;8;6;1;;;;;;;;;;;;;;;;
Ostorhinchus_angustatus;Ostorhinchus_angustatus;OS_AN_MO_03_16_019;1;0.2175;44.707;37.812;NA;NA;NA;NA;NA;;;;;10;9;1;;;;;;;;;;;;;;;;
Ostorhinchus_angustatus;Ostorhinchus_angustatus;OS_AN_MO_03_16_020;0.6;0.157;36.813;29.778;NA;NA;NA;NA;NA;;;;;8;8;1;;;;;;;;;;;;;;;;
Ostorhinchus_angustatus;Ostorhinchus_angustatus;OS_AN_MO_03_16_021;1.2;0.2669;41.688;34.965;NA;NA;NA;NA;NA;;;;;10;8;1;;;;;;;;;;;;;;;;
Ostorhinchus_angustatus;Ostorhinchus_angustatus;OS_AN_MO_03_16_022;0.7;0.1485;36.203;29.704;NA;NA;NA;NA;NA;;;;;6;4;1;;;;;;;;;;;;;;;;
Ostorhinchus_angustatus;Ostorhinchus_angustatus;OS_AN_MO_03_16_023;0.4;0.108;32.417;27.218;NA;NA;NA;NA;NA;;;;;7;6;1;;;;;;;;;;;;;;;;
Ostorhinchus_angustatus;Ostorhinchus_angustatus;OS_AN_MO_03_16_024;0.2;0.0809;31.069;25.604;NA;NA;NA;NA;NA;;;;;5;4;1;;;;;;;;;;;;;;;;
Ostorhinchus_angustatus;Ostorhinchus_angustatus;OS_AN_MO_03_16_025;0.1;0.0359;26.852;21.754;NA;NA;NA;NA;NA;;;;;3;4;1;;;;;;;;;;;;;;;;
Ostorhinchus_fuscus;Nectamia_fusca;OS_FU_MO_03_16_001;4.1;0.956;66.796;52.824;NA;NA;NA;NA;NA;;;;;18;15;1;;;;;;;;;;;;;;;;
Ostorhinchus_fuscus;Nectamia_fusca;OS_FU_MO_03_16_002;1.6;0.3323;NA;39.489;NA;NA;NA;NA;NA;;;;;12;11;2;;;;;;;;;;;;;;;;
Ostracion_meleagris;Ostracion_meleagris;OS_ME_MO_03_16_001;14;4.0601;83.327;66.364;NA;NA;NA;NA;NA;;;;;5;4;0;;;;;;;;;;;;;;;;
Ostracion_meleagris;Ostracion_meleagris;OS_ME_MO_03_16_002;2.3;0.6023;NA;25.123;NA;NA;NA;NA;NA;;;;;1;1;0;;;;;;;;;;;;;;;;
Paracirrhites_arcatus;Paracirrhites_arcatus;PA_AR_MO_03_16_001;8.3;2.4521;76.827;65.19;NA;NA;NA;NA;NA;;;;;14;13;3;;;;;;;;;;;;;;;;
Paracirrhites_arcatus;Paracirrhites_arcatus;PA_AR_MO_03_16_002;0.6;0.1177;31.873;26.313;NA;NA;NA;NA;NA;;;;;4;3;1;;;;;;;;;;;;;;;;
Paracirrhites_forsteri;Paracirrhites_forsteri;PA_FO_MO_03_16_001;37.4;11.4991;134.144;115.368;NA;NA;NA;NA;NA;;;;;20;21;4;;;;;;;;;;;;;;;;
Parupeneus_barberinus;Parupeneus_barberinus;PA_BA_MO_03_16_001;39.6;10.6;157.08;123.943;NA;NA;NA;NA;NA;;;;;14;16;2;;;;;;;;;;;;;;;;
Parupeneus_barberinus;Parupeneus_barberinus;PA_BA_MO_03_16_002;29.2;7.6;145.383;116.376;NA;NA;NA;NA;NA;;;;;14;15;1;;;;;;;;;;;;;;;;
Parupeneus_barberinus;Parupeneus_barberinus;PA_BA_MO_03_16_003;15.1;4.8;118.027;95.425;NA;NA;NA;NA;NA;;;;;12;14;2;;;;;;;;;;;;;;;;
Parupeneus_barberinus;Parupeneus_barberinus;PA_BA_MO_03_16_004;12.7;4;114.611;91.865;NA;NA;NA;NA;NA;;;;;11;12;2;;;;;;;;;;;;;;;;
Parupeneus_barberinus;Parupeneus_barberinus;PA_BA_MO_03_16_005;11;3.3;98.316;79.891;NA;NA;NA;NA;NA;;;;;10;11;3;;;;;;;;;;;;;;;;
Parupeneus_barberinus;Parupeneus_barberinus;PA_BA_MO_03_16_006;5.5;2.1;81.575;66.874;NA;NA;NA;NA;NA;;;;;8;8;2;;;;;;;;;;;;;;;;
Parupeneus_barberinus;Parupeneus_barberinus;PA_BA_MO_03_16_007;2.5;1.3;61.888;50.157;NA;NA;NA;NA;NA;;;;;7;7;1;;;;;;;;;;;;;;;;
Parupeneus_barberinus;Parupeneus_barberinus;PA_BA_MO_03_16_008;1;NA;NA;42.686;NA;NA;NA;NA;NA;;;;;5;4;1;;;;;;;;;;;;;;;;
Parupeneus_barberinus;Parupeneus_barberinus;PA_BA_MO_03_16_009;0.9;0.9;46.034;41.503;NA;NA;NA;NA;NA;;;;;4;3;1;;;;;;;;;;;;;;;;
Parupeneus_multifasciatus;Parupeneus_multifasciatus;PA_MU_MO_03_16_001;194.2;54;258.442;220.262;190;26.781;1.751;27.881;1.951;;;;;30;36;4;;;;;;;;;;;;;;;;
Parupeneus_multifasciatus;Parupeneus_multifasciatus;PA_MU_MO_03_16_002;107.6;33.3;202.431;171.262;NA;NA;NA;NA;NA;;;;;26;30;4;;;;;;;;;;;;;;;;
Parupeneus_multifasciatus;Parupeneus_multifasciatus;PA_MU_MO_03_16_003;3.3;1.4;72.144;59.828;NA;NA;NA;NA;NA;;;;;8;6;0;;;;;;;;;;;;;;;;
Parupeneus_multifasciatus;Parupeneus_multifasciatus;PA_MU_MO_03_16_004;2.3;1.2;66.69;57.385;NA;NA;NA;NA;NA;;;;;5;4;0;;;;;;;;;;;;;;;;
Parupeneus_multifasciatus;Parupeneus_multifasciatus;PA_MU_MO_03_16_005;2.2;1.1;65.218;54.967;NA;NA;NA;NA;NA;;;;;7;7;0;;;;;;;;;;;;;;;;
Pempheris_oualensis;Pempheris_oualensis;PE_OU_SC_03_16_001;114.9;29.9818;213.821;173.165;84;255.037;1.921;324.938;1.895;;;;;35;35;4;;;;;;;;;;;;;;;;
Pempheris_oualensis;Pempheris_oualensis;PE_OU_SC_03_16_002;102.5;26.3825;209.753;170.617;85;394.538;1.601;403.637;1.731;;;;;33;35;3;;;;;;;;;;;;;;;;
Pempheris_oualensis;Pempheris_oualensis;PE_OU_SC_03_16_003;112.7;28.0569;211.684;172.645;86;820.638;1.938;546.437;1.957;;;;;34;37;4;;;;;;;;;;;;;;;;
Pempheris_oualensis;Pempheris_oualensis;PE_OU_SC_03_16_004;94.6;24.9187;200.012;161.786;87;217.537;1.68;200.637;1.523;;;;;34;35;5;;;;;;;;;;;;;;;;
Pempheris_oualensis;Pempheris_oualensis;PE_OU_SC_03_16_005;97.4;24.647;199.98;166.639;88;579.738;2.008;663.038;2.029;;;;;34;35;5;;;;;;;;;;;;;;;;
Pempheris_oualensis;Pempheris_oualensis;PE_OU_SC_03_16_006;88.6;23.1898;195.619;162.893;89;25.69;2.2;NA;NA;;;;;32;34;3;;;;;;;;;;;;;;;;
Pempheris_oualensis;Pempheris_oualensis;PE_OU_SC_03_16_007;102.4;27.2373;200.876;166.857;149;156.5;1.684;193.45;1.749;;;;;33;34;4;;;;;;;;;;;;;;;;
Pempheris_oualensis;Pempheris_oualensis;PE_OU_SC_03_16_008;78.8;21.1692;192.54;153.685;150;11.663;1.819;3.263;1.411;;;;;31;31;5;;;;;;;;;;;;;;;;
Pempheris_oualensis;Pempheris_oualensis;PE_OU_SC_03_16_009;85.2;22.8007;195.74;157.631;151;2.763;1.373;1.863;1.84;;;;;30;33;4;;;;;;;;;;;;;;;;
Pempheris_oualensis;Pempheris_oualensis;PE_OU_SC_03_16_010;63.3;15.8466;177.99;142.216;152;8.262;1.585;11.663;1.64;;;;;29;30;4;;;;;;;;;;;;;;;;
Pristiapogon_kallopterus;Pristiapogon_kallopterus;PR_KA_MO_03_16_001;3.2;0.9919;70.087;57.763;360;10.757;1.639;13.757;1.858;;;;;14;15;3;;;;;;;;;;;;;;;;
Pristiapogon_kallopterus;Pristiapogon_kallopterus;PR_KA_MO_03_16_002;2.2;0.5291;53.627;46.9;361;26.457;1.733;17.457;1.884;;;;;11;11;2;;;;;;;;;;;;;;;;
Pristiapogon_kallopterus;Pristiapogon_kallopterus;PR_KA_MO_03_16_003;2.4;0.5577;58.424;48.206;362;25.657;1.681;29.557;1.975;;;;;12;12;2;;;;;;;;;;;;;;;;
Pristiapogon_kallopterus;Pristiapogon_kallopterus;PR_KA_MO_03_16_004;2.2;0.4908;57.302;46.205;363;17.057;1.729;22.957;1.715;;;;;12;11;2;;;;;;;;;;;;;;;;
Pristiapogon_kallopterus;Pristiapogon_kallopterus;PR_KA_MO_03_16_005;1.8;0.4283;55.371;44.62;364;30.357;1.709;22.157;1.764;;;;;12;12;2;;;;;;;;;;;;;;;;
Pristiapogon_kallopterus;Pristiapogon_kallopterus;PR_KA_MO_03_16_006;0.7;0.3694;NA;41.657;365;17.857;1.907;11.457;1.645;;;;;11;10;2;;;;;;;;;;;;;;;;
Pristiapogon_kallopterus;Pristiapogon_kallopterus;PR_KA_MO_03_16_007;1.4;0.354;49.924;41.25;366;12.757;1.732;14.557;1.71;;;;;11;10;2;;;;;;;;;;;;;;;;
Pristiapogon_kallopterus;Pristiapogon_kallopterus;PR_KA_MO_03_16_008;1.4;0.2975;49.13;39.8;367;5.757;1.571;6.857;1.687;;;;;10;10;2;;;;;;;;;;;;;;;;
Pristiapogon_kallopterus;Pristiapogon_kallopterus;PR_KA_MO_03_16_009;1.3;0.3131;50.359;40.522;368;21.557;1.689;18.657;1.854;;;;;10;9;2;;;;;;;;;;;;;;;;
Pristiapogon_kallopterus;Pristiapogon_kallopterus;PR_KA_MO_03_16_010;1.3;0.2496;48.546;38.549;369;23.557;1.663;17.357;1.936;;;;;9;9;1;;;;;;;;;;;;;;;;
Pristiapogon_kallopterus;Pristiapogon_kallopterus;PR_KA_MO_03_16_011;0.8;0.2063;NA;34.577;370;9.257;2.07;10.257;1.72;;;;;9;8;1;;;;;;;;;;;;;;;;
Pseudocheilinus_hexataenia;Pseudocheilinus_hexataenia;PS_HE_MO_03_16_001;2.1;0.595;50.653;44.228;NA;NA;NA;NA;NA;;;;;5;2;2;;;;;;;;;;;;;;;;
Pseudocheilinus_hexataenia;Pseudocheilinus_hexataenia;PS_HE_MO_03_16_002;0.8;0.2326;39.611;33.666;NA;NA;NA;NA;NA;;;;;3;2;2;;;;;;;;;;;;;;;;
Pseudocheilinus_hexataenia;Pseudocheilinus_hexataenia;PS_HE_MO_03_16_003;0.8;0.2039;37.384;31.517;NA;NA;NA;NA;NA;;;;;2;1;0.5;;;;;;;;;;;;;;;;
Pseudocheilinus_octotaenia;Pseudocheilinus_octotaenia;PS_OC_MO_03_16_001;5.4;1.4523;73.691;62.977;NA;NA;NA;NA;NA;;;;;8;7;4;;;;;;;;;;;;;;;;
Pseudocheilinus_octotaenia;Pseudocheilinus_octotaenia;PS_OC_MO_03_16_002;1.2;0.2761;44.748;36.602;NA;NA;NA;NA;NA;;;;;5;3;2;;;;;;;;;;;;;;;;
Pseudocheilinus_tetrataenia;Pseudocheilinus_tetrataenia;PS_TE_MO_03_16_001;1.1;0.3177;44.531;40.025;NA;NA;NA;NA;NA;;;;;4;1;1;;;;;;;;;;;;;;;;
Pseudocheilinus_tetrataenia;Pseudocheilinus_tetrataenia;PS_TE_MO_03_16_002;1.1;0.2716;42.559;37.872;NA;NA;NA;NA;NA;;;;;3;2;0;;;;;;;;;;;;;;;;
Pseudogramma_polyacantha;Pseudogramma_polyacantha;PS_PO_MO_03_16_001;4.6;1.9;68.054;59.638;NA;NA;NA;NA;NA;;;;;17;15;4;;;;;;;;;;;;;;;;
Pseudogramma_polyacantha;Pseudogramma_polyacantha;PS_PO_MO_03_16_002;2.9;1.4;55.998;49.352;NA;NA;NA;NA;NA;;;;;13;12;2;;;;;;;;;;;;;;;;
Pseudogramma_polyacantha;Pseudogramma_polyacantha;PS_PO_MO_03_16_003;2.3;1.2;56.293;47.472;NA;NA;NA;NA;NA;;;;;12;12;2;;;;;;;;;;;;;;;;
Pseudogramma_polyacantha;Pseudogramma_polyacantha;PS_PO_MO_03_16_004;2;1.2;53.037;45.472;NA;NA;NA;NA;NA;;;;;11;10;2;;;;;;;;;;;;;;;;
Pseudogramma_polyacantha;Pseudogramma_polyacantha;PS_PO_MO_03_16_005;1.7;1.1;52.459;44.422;NA;NA;NA;NA;NA;;;;;12;13;2;;;;;;;;;;;;;;;;
Pseudogramma_polyacantha;Pseudogramma_polyacantha;PS_PO_MO_03_16_006;2.2;1.2;55.36;47.434;NA;NA;NA;NA;NA;;;;;12;11;2;;;;;;;;;;;;;;;;
Pseudogramma_polyacantha;Pseudogramma_polyacantha;PS_PO_MO_03_16_007;1.6;1;50.202;45.229;NA;NA;NA;NA;NA;;;;;11;10;1;;;;;;;;;;;;;;;;
Pseudogramma_polyacantha;Pseudogramma_polyacantha;PS_PO_MO_03_16_008;1.4;1;45.271;39.351;NA;NA;NA;NA;NA;;;;;10;11;1;;;;;;;;;;;;;;;;
Pseudogramma_polyacantha;Pseudogramma_polyacantha;PS_PO_MO_03_16_009;1.2;0.9;44.348;40.451;NA;NA;NA;NA;NA;;;;;10;10;2;;;;;;;;;;;;;;;;
Pseudogramma_polyacantha;Pseudogramma_polyacantha;PS_PO_MO_03_16_010;1.8;1.1;54.057;46.911;NA;NA;NA;NA;NA;;;;;11;12;2;;;;;;;;;;;;;;;;
Pseudogramma_polyacantha;Pseudogramma_polyacantha;PS_PO_MO_03_16_011;1.9;1.1;50.417;42.991;NA;NA;NA;NA;NA;;;;;10;10;2;;;;;;;;;;;;;;;;
Pseudogramma_polyacantha;Pseudogramma_polyacantha;PS_PO_MO_03_16_012;1.2;0.9;43.622;38.006;NA;NA;NA;NA;NA;;;;;10;9;1;;;;;;;;;;;;;;;;
Pseudogramma_polyacantha;Pseudogramma_polyacantha;PS_PO_MO_03_16_013;1;0.8;44.485;38.844;NA;NA;NA;NA;NA;;;;;9;8;1;;;;;;;;;;;;;;;;
Pseudogramma_polyacantha;Pseudogramma_polyacantha;PS_PO_MO_03_16_014;1.2;0.9;48.289;41.155;NA;NA;NA;NA;NA;;;;;10;9;2;;;;;;;;;;;;;;;;
Pseudogramma_polyacantha;Pseudogramma_polyacantha;PS_PO_MO_03_16_015;1.7;0.7;39.579;33.866;NA;NA;NA;NA;NA;;;;;8;7;1;;;;;;;;;;;;;;;;
Pseudogramma_polyacantha;Pseudogramma_polyacantha;PS_PO_MO_03_16_016;0.4;0.6;33.929;28.938;NA;NA;NA;NA;NA;;;;;7;7;1;;;;;;;;;;;;;;;;
Pseudogramma_polyacantha;Pseudogramma_polyacantha;PS_PO_MO_03_16_017;0.5;0.6;31.899;27.42;NA;NA;NA;NA;NA;;;;;7;6;1;;;;;;;;;;;;;;;;
Pseudogramma_polyacantha;Pseudogramma_polyacantha;PS_PO_MO_03_16_018;0.3;0.5;NA;25.693;NA;NA;NA;NA;NA;;;;;5;4;1;;;;;;;;;;;;;;;;
Pseudogramma_polyacantha;Pseudogramma_polyacantha;PS_PO_MO_03_16_019;0.1;0.5;20.276;17.332;NA;NA;NA;NA;NA;;;;;4;3;1;;;;;;;;;;;;;;;;
Pseudogramma_polyacantha;Pseudogramma_polyacantha;PS_PO_MO_03_16_020;0.1;0.5;17.715;15.614;NA;NA;NA;NA;NA;;;;;5;4;1;;;;;;;;;;;;;;;;
Rhinecanthus_aculeatus;Rhinecanthus_aculeatus;RH_AC_MO_03_16_001;120.3;39.1605;182.306;159.585;107;78.6;1.86;NA;NA;;;;;17;16;0;;;;;;;;;;;;;;;;
Rhinecanthus_aculeatus;Rhinecanthus_aculeatus;RH_AC_MO_03_16_002;101.5;30.5466;166.89;146.637;NA;NA;NA;NA;NA;;;;;8;11;0;;;;;;;;;;;;;;;;
Rhinecanthus_aculeatus;Rhinecanthus_aculeatus;RH_AC_MO_03_16_003;98.7;33.1766;169.71;150.548;108;97.5;1.89;NA;NA;;;;;17;14;0;;;;;;;;;;;;;;;;
Rhinecanthus_aculeatus;Rhinecanthus_aculeatus;RH_AC_MO_03_16_004;105.9;33.2721;173.831;152.127;NA;NA;NA;NA;NA;;;;;17;17;0;;;;;;;;;;;;;;;;
Rhinecanthus_aculeatus;Rhinecanthus_aculeatus;RH_AC_MO_03_16_005;103.5;35.6222;168.119;148.982;109;58.7;1.79;NA;NA;;;;;17;14;0;;;;;;;;;;;;;;;;
Rhinecanthus_aculeatus;Rhinecanthus_aculeatus;RH_AC_MO_03_16_006;33.4;9.2101;120.359;104.599;NA;NA;NA;NA;NA;;;;;8;10;0;;;;;;;;;;;;;;;;
Rhinecanthus_aculeatus;Rhinecanthus_aculeatus;RH_AC_MO_03_16_007;2.5;0.6156;47.971;40.219;110;15.8;1.64;NA;NA;;;;;3;3;0;;;;;;;;;;;;;;;;
Rhinecanthus_aculeatus;Rhinecanthus_aculeatus;RH_AC_MO_03_16_008;1.2;0.2828;36.58;29.815;NA;NA;NA;NA;NA;;;;;2;2;0;;;;;;;;;;;;;;;;
Rhinecanthus_aculeatus;Rhinecanthus_aculeatus;RH_AC_MO_03_16_009;1.1;0.2806;34.577;28.822;NA;NA;NA;NA;NA;;;;;2;2;0;;;;;;;;;;;;;;;;
Rhinecanthus_aculeatus;Rhinecanthus_aculeatus;RH_AC_MO_03_16_010;1.3;0.3298;37.285;31.187;NA;NA;NA;NA;NA;;;;;3;2;0;;;;;;;;;;;;;;;;
Sargocentron_microstoma;Sargocentron_microstoma;SA_MI_MO_03_16_001;114;41.4199;182.467;156.484;210;73.12;1.821;71.04;1.882;;;;;21;23;6;;;;;;;;;;;;;;;;
Sargocentron_microstoma;Sargocentron_microstoma;SA_MI_MO_03_16_002;86;29.9755;174.672;149.089;211;95.12;1.888;97.76;1.88;;;;;23;25;6;;;;;;;;;;;;;;;;
Sargocentron_microstoma;Sargocentron_microstoma;SA_MI_MO_03_16_003;81;27.1446;178.864;148.134;212;25.52;1.793;26.4;1.765;;;;;21;23;7;;;;;;;;;;;;;;;;
Sargocentron_microstoma;Sargocentron_microstoma;SA_MI_MO_03_16_004;109;39.9094;184.991;153.548;213;12.48;1.775;16.08;1.765;;;;;21;23;8;;;;;;;;;;;;;;;;
Sargocentron_microstoma;Sargocentron_microstoma;SA_MI_MO_03_16_005;104;34.6124;168.888;141.449;214;21.68;1.75;19.76;1.831;;;;;22;20;6;;;;;;;;;;;;;;;;
Sargocentron_microstoma;Sargocentron_microstoma;SA_MI_MO_03_16_006;97;32.9428;180.119;147.2;215;36.64;1.863;35.84;1.852;;;;;22;24;6;;;;;;;;;;;;;;;;
Sargocentron_microstoma;Sargocentron_microstoma;SA_MI_MO_03_16_007;82;25.4052;170.095;142.89;216;13.35;1.537;14.05;1.421;;;;;17;20;6;;;;;;;;;;;;;;;;
Sargocentron_microstoma;Sargocentron_microstoma;SA_MI_MO_03_16_008;150;59.597;203.989;168.673;217;45.28;1.827;48.48;1.889;;;;;26;26;9;;;;;;;;;;;;;;;;
Sargocentron_microstoma;Sargocentron_microstoma;SA_MI_MO_03_16_009;101;34.734;196.422;162.89;218;8.525;1.406;8.125;1.52;;;;;15;20;7;;;;;;;;;;;;;;;;
Sargocentron_microstoma;Sargocentron_microstoma;SA_MI_MO_03_16_010;107;36.2966;173.338;143.641;219;27.725;1.906;39.085;1.845;;;;;23;25;7;;;;;;;;;;;;;;;;
Sargocentron_microstoma;Sargocentron_microstoma;SA_MI_MO_03_16_011;73;22.8406;195.381;163.619;220;29.254;2;35.645;2.23;;;;;24;26;7;;;;;;;;;;;;;;;;
Sargocentron_microstoma;Sargocentron_microstoma;SA_MI_MO_03_16_012;76;22.4333;173.583;144.511;221;12.285;1.832;11.965;1.763;;;;;18;20;6;;;;;;;;;;;;;;;;
Sargocentron_microstoma;Sargocentron_microstoma;SA_MI_MO_03_16_013;93;30.0126;174.641;142.165;222;11.085;1.758;12.975;1.395;;;;;25;25;8;;;;;;;;;;;;;;;;
Sargocentron_microstoma;Sargocentron_microstoma;SA_MI_MO_03_16_014;45.7;15.1;163.766;137.599;68;14.11;1.76;NA;NA;;;;;20;20;7;;;;;;;;;;;;;;;;
Sargocentron_microstoma;Sargocentron_microstoma;SA_MI_MO_03_16_015;45.7;14;163.549;138.763;69;25.31;1.78;NA;NA;;;;;18;17;5;;;;;;;;;;;;;;;;
Sargocentron_microstoma;Sargocentron_microstoma;SA_MI_MO_03_16_016;42.6;12.876;145.957;124.98;70;45.11;1.93;NA;NA;;;;;20;19;7;;;;;;;;;;;;;;;;
Sargocentron_microstoma;Sargocentron_microstoma;SA_MI_MO_03_16_017;33.6;10.4644;132.237;113.086;71;65.41;1.83;NA;NA;;;;;17;15;5;;;;;;;;;;;;;;;;
Scarus_altipinnis;Scarus_altipinnis;SC_AL_MO_03_16_004;295.9;72.3;265.141;236.847;306;13.5;1.642;11.2;1.744;;;;;27;15;0;;;;;;;;;;;;;;;;
Scarus_altipinnis;Scarus_altipinnis;SC_AL_MO_03_16_005;660.6;186.5;349.08;303.785;307;114.9;1.871;115.4;1.879;;;;;35;23;0;;;;;;;;;;;;;;;;
Scarus_altipinnis;Scarus_altipinnis;SC_AL_TA_03_16_001;322.7;70.6;281.121;225.522;NA;NA;NA;NA;NA;;;;;23;17;0;;;;;;;;;;;;;;;;
Scarus_altipinnis;Scarus_altipinnis;SC_AL_TA_03_16_002;274.4;59.4;254.894;209.306;NA;NA;NA;NA;NA;;;;;23;15;0;;;;;;;;;;;;;;;;
Scarus_altipinnis;Scarus_altipinnis;SC_AL_TA_03_16_003;372.7;81.3;276.363;246.813;NA;NA;NA;NA;NA;;;;;29;19;0;;;;;;;;;;;;;;;;
Scarus_psittacus;Scarus_psittacus;SC_PS_MO_03_16_001;134.6;34.3409;203.913;182.608;274;256.267;1.88;251.867;1.887;;;;;14;12;0;;;;;;;;;;;;;;;;
Scarus_psittacus;Scarus_psittacus;SC_PS_MO_03_16_002;136.8;37.3772;200.01;172.464;NA;NA;NA;NA;NA;;;;;19;12;0;;;;;;;;;;;;;;;;
Scarus_psittacus;Scarus_psittacus;SC_PS_MO_03_16_003;112.7;29.5955;195.276;171.429;275;82.567;1.872;78.467;1.882;;;;;23;13;0;;;;;;;;;;;;;;;;
Scarus_psittacus;Scarus_psittacus;SC_PS_MO_03_16_004;8;1.8601;77.285;65.335;NA;NA;NA;NA;NA;;;;;6;4;0;;;;;;;;;;;;;;;;
Scarus_psittacus;Scarus_psittacus;SC_PS_MO_03_16_005;6.4;1.4314;73.862;66.147;276;5.267;1.81;3.067;2.044;;;;;7;3;0;;;;;;;;;;;;;;;;
Scarus_psittacus;Scarus_psittacus;SC_PS_MO_03_16_006;5.9;1.4377;74.497;63.298;NA;NA;NA;NA;NA;;;;;7;4;0;;;;;;;;;;;;;;;;
Scarus_psittacus;Scarus_psittacus;SC_PS_MO_03_16_007;3.7;0.8066;61.714;53.271;277;67.267;1.843;66.767;1.839;;;;;4;3;0;;;;;;;;;;;;;;;;
Scarus_psittacus;Scarus_psittacus;SC_PS_MO_03_16_008;4.7;0.8926;63.116;54.996;NA;NA;NA;NA;NA;;;;;5;3;0;;;;;;;;;;;;;;;;
Scarus_psittacus;Scarus_psittacus;SC_PS_MO_03_16_009;5;1.0314;64.698;54.767;278;73.067;1.908;58.567;1.825;;;;;6;4;0;;;;;;;;;;;;;;;;
Scarus_psittacus;Scarus_psittacus;SC_PS_MO_03_16_010;3.5;0.7164;67.38;57.566;279;8.797;1.185;6.497;1.902;;;;;5;4;0;;;;;;;;;;;;;;;;
Scarus_psittacus;Scarus_psittacus;SC_PS_MO_03_16_011;5;1.0897;59.789;50.369;280;56.767;1.971;50.767;1.833;;;;;6;3;0;;;;;;;;;;;;;;;;
Scarus_psittacus;Scarus_psittacus;SC_PS_MO_03_16_012;NA;0.486;53.805;45.804;NA;NA;NA;NA;NA;;;;;4;3;0;;;;;;;;;;;;;;;;
Scarus_psittacus;Scarus_psittacus;SC_PS_MO_03_16_013;2.5;0.581;53.916;46.383;281;73.961;1.858;118.667;1.86;;;;;3;2;0;;;;;;;;;;;;;;;;
Scarus_psittacus;Scarus_psittacus;SC_PS_MO_03_16_014;2.5;0.5677;52.758;46.505;NA;NA;NA;NA;NA;;;;;4;2;0;;;;;;;;;;;;;;;;
Scarus_psittacus;Scarus_psittacus;SC_PS_MO_03_16_015;5.2;1.233;69.068;59.888;NA;NA;NA;NA;NA;;;;;4;3;0;;;;;;;;;;;;;;;;
Scarus_psittacus;Scarus_psittacus;SC_PS_TA_03_16_016;327.3;88.7;311.49;265.56;NA;NA;NA;NA;NA;;;;;26;22;0;;;;;;;;;;;;;;;;
Scarus_psittacus;Scarus_psittacus;SC_PS_TA_03_16_017;280.4;71.4;290.418;251.314;NA;NA;NA;NA;NA;;;;;23;17;0;;;;;;;;;;;;;;;;
Scarus_psittacus;Scarus_psittacus;SC_PS_TA_03_16_018;325;89.5;282.785;239.274;NA;NA;NA;NA;NA;;;;;27;19;0;;;;;;;;;;;;;;;;
Scarus_psittacus;Scarus_psittacus;SC_PS_TA_03_16_019;259.9;65.4;279.836;233.782;NA;NA;NA;NA;NA;;;;;22;20;0;;;;;;;;;;;;;;;;
Scarus_psittacus;Scarus_psittacus;SC_PS_TA_03_16_020;241.4;73.6;262.085;231.271;NA;NA;NA;NA;NA;;;;;20;18;0;;;;;;;;;;;;;;;;
Siganus_argenteus;Siganus_argenteus;SI_AR_MO_03_16_001;209.9;61;281.631;226.35;332;73.007;1.912;82.307;1.915;;;;;17;14;0;;;;;;;;;;;;;;;;
Siganus_argenteus;Siganus_argenteus;SI_AR_MO_03_16_002;214.3;57.1;299.061;238.801;330;79.507;1.889;82.407;1.977;;;;;20;15;0;;;;;;;;;;;;;;;;
Siganus_argenteus;Siganus_argenteus;SI_AR_TA_03_16_003;598.1;164.2;387.606;328.831;333;32.107;1.959;31.407;1.849;;;;;24;21;0;;;;;;;;;;;;;;;;
Siganus_argenteus;Siganus_argenteus;SI_AR_TA_03_16_004;351.2;100.4;324.256;267.18;334;17.007;1.158;14.507;1.231;;;;;18;12;0;;;;;;;;;;;;;;;;
Siganus_argenteus;Siganus_argenteus;SI_AR_TA_03_16_005;336;107.2;338.042;272.695;335;41.007;2.094;31.007;1.763;;;;;22;12;0;;;;;;;;;;;;;;;;
Siganus_argenteus;Siganus_argenteus;SI_AR_TA_03_16_006;188.5;108.5;269.62;222.423;331;42.507;1.951;30.507;1.908;;;;;17;14;0;;;;;;;;;;;;;;;;
Siganus_spinus;Siganus_spinus;SI_SP_MO_03_16_001;150.2;39;253.672;205.904;164;19.506;1.815;19.506;1.646;;;;;21;18;0;;;;;;;;;;;;;;;;
Siganus_spinus;Siganus_spinus;SI_SP_MO_03_16_002;132.9;30.9;212.582;182.92;165;4.806;1.814;6.706;1.906;;;;;16;16;0;;;;;;;;;;;;;;;;
Siganus_spinus;Siganus_spinus;SI_SP_MO_03_16_003;107.4;29.8;201.578;174.71;166;52.606;1.673;49.606;1.848;;;;;16;14;0;;;;;;;;;;;;;;;;
Siganus_spinus;Siganus_spinus;SI_SP_MO_03_16_004;105.5;28.9;189.243;160.875;167;9.406;1.673;26.306;1.474;;;;;17;17;0;;;;;;;;;;;;;;;;
Siganus_spinus;Siganus_spinus;SI_SP_MO_03_16_005;103.9;28.7;196.658;165.425;168;12.006;1.679;13.406;1.606;;;;;15;14;0;;;;;;;;;;;;;;;;
Siganus_spinus;Siganus_spinus;SI_SP_MO_03_16_006;114.8;35.1;198.51;168.388;169;27.106;1.813;29.206;1.82;;;;;15;14;0;;;;;;;;;;;;;;;;
Siganus_spinus;Siganus_spinus;SI_SP_MO_03_16_007;81.4;21.7;180.239;149.994;170;14.725;1.563;13.625;1.721;;;;;16;15;0;;;;;;;;;;;;;;;;
Siganus_spinus;Siganus_spinus;SI_SP_MO_03_16_008;148.3;43.4;220.861;185.417;171;26.325;1.919;28.625;1.833;;;;;16;16;0;;;;;;;;;;;;;;;;
Stegastes_albifasciatus;Stegastes_albifasciatus;ST_AL_MO_03_16_001;16.7;5.369;93.714;78.303;371;21.229;1.681;20.729;1.814;;;;;7;7;0;;;;;;;;;;;;;;;;
Stegastes_albifasciatus;Stegastes_albifasciatus;ST_AL_MO_03_16_002;8.9;2.9106;81.876;62.61;372;6.429;1.772;4.429;1.685;;;;;7;5;0;;;;;;;;;;;;;;;;
Stegastes_albifasciatus;Stegastes_albifasciatus;ST_AL_MO_03_16_003;10.3;3.0454;86.231;66.255;373;42.029;1.772;45.029;1.836;;;;;6;6;0;;;;;;;;;;;;;;;;
Stegastes_albifasciatus;Stegastes_albifasciatus;ST_AL_MO_03_16_004;8.7;2.427;78.887;62.537;374;1.729;1.301;3.329;1.316;;;;;7;5;0;;;;;;;;;;;;;;;;
Stegastes_albifasciatus;Stegastes_albifasciatus;ST_AL_MO_03_16_005;4.9;1.4809;65.729;53.439;375;48.232;1.886;38.329;1.885;;;;;5;5;0;;;;;;;;;;;;;;;;
Stegastes_albifasciatus;Stegastes_albifasciatus;ST_AL_MO_03_16_006;3.6;1.0176;58.533;46.566;376;10.129;1.799;7.029;1.937;;;;;4;4;0;;;;;;;;;;;;;;;;
Stegastes_albifasciatus;Stegastes_albifasciatus;ST_AL_MO_03_16_007;1.1;0.2917;42.735;32.7;377;2.929;6.833;5.029;1.778;;;;;3;2;0;;;;;;;;;;;;;;;;
Stegastes_fasciolatus;Stegastes_fasciolatus;ST_FA_MO_03_16_001;9.2;2.6563;84.278;65.701;314;801.35;2.092;704.75;2.038;;;;;5;5;1;;;;;;;;;;;;;;;;
Stegastes_fasciolatus;Stegastes_fasciolatus;ST_FA_MO_03_16_002;6.8;1.9008;77.671;61.096;315;80.55;1.9;57.55;1.777;;;;;4;4;1;;;;;;;;;;;;;;;;
Stegastes_fasciolatus;Stegastes_fasciolatus;ST_FA_MO_03_16_003;7.3;2.2816;82.665;61.998;316;18.2;1.501;13.5;1.653;;;;;5;5;0.5;;;;;;;;;;;;;;;;
Stegastes_fasciolatus;Stegastes_fasciolatus;ST_FA_MO_03_16_004;7.3;2.1753;NA;57.692;317;232.95;2.003;223.25;1.963;;;;;5;3;0.5;;;;;;;;;;;;;;;;
Stegastes_fasciolatus;Stegastes_fasciolatus;ST_FA_MO_03_16_005;6.1;1.6638;NA;56.55;318;6.3;1.693;7.7;1.503;;;;;5;5;0.5;;;;;;;;;;;;;;;;
Stegastes_fasciolatus;Stegastes_fasciolatus;ST_FA_MO_03_16_006;8;2.3974;NA;60.193;319;887.55;2.002;1069.15;2.03;;;;;5;4;0.5;;;;;;;;;;;;;;;;
Stegastes_fasciolatus;Stegastes_fasciolatus;ST_FA_MO_03_16_007;5.4;1.5464;NA;46.773;320;19.95;1.664;19.85;2.028;;;;;5;4;0.5;;;;;;;;;;;;;;;;
Stegastes_fasciolatus;Stegastes_fasciolatus;ST_FA_MO_03_16_008;6;1.4035;64.035;50.316;321;4.5;1.278;34.6;1.6;;;;;5;4;0.5;;;;;;;;;;;;;;;;
Stegastes_fasciolatus;Stegastes_fasciolatus;ST_FA_MO_03_16_009;3.6;0.9644;NA;46.069;322;7.5;1.524;4.3;1.423;;;;;5;4;0;;;;;;;;;;;;;;;;
Stegastes_nigricans;Stegastes_nigricans;ST_NI_MO_03_16_001;56;20.5315;138.094;106.293;1;139.92;1.85;NA;NA;;;;;8;8;;;;;;;;;;;;;;;;;
Stegastes_nigricans;Stegastes_nigricans;ST_NI_MO_03_16_002;45.1;14.859;130.706;104.241;2;154.02;1.86;NA;NA;;;;;11;10;;;;;;;;;;;;;;;;;
Stegastes_nigricans;Stegastes_nigricans;ST_NI_MO_03_16_003;40.5;12.912;132.396;103.981;3;107.02;1.92;NA;NA;;;;;8;7;;;;;;;;;;;;;;;;;
Stegastes_nigricans;Stegastes_nigricans;ST_NI_MO_03_16_004;51.6;17.2971;126.091;102.221;4;81.12;1.8;NA;NA;;;;;15;10;;;;;;;;;;;;;;;;;
Stegastes_nigricans;Stegastes_nigricans;ST_NI_MO_03_16_005;28.4;9.0355;112.159;90.039;5;47.92;1.68;NA;NA;;;;;7;6;;;;;;;;;;;;;;;;;
Stegastes_nigricans;Stegastes_nigricans;ST_NI_MO_03_16_006;8;2.1395;79.997;60.144;6;15.92;1.59;NA;NA;;;;;7;4;;;;;;;;;;;;;;;;;
Stegastes_nigricans;Stegastes_nigricans;ST_NI_MO_03_16_007;4.6;1.1251;68.823;55.465;146;3.15;1.092;5.45;1.115;;;;;4;4;;;;;;;;;;;;;;;;;
Stegastes_nigricans;Stegastes_nigricans;ST_NI_MO_03_16_008;4.2;1.0381;60.66;47.167;147;-13.35;4.038;0.55;-4.812;;;;;4;3;;;;;;;;;;;;;;;;;
Stegastes_nigricans;Stegastes_nigricans;ST_NI_MO_03_16_009;2.8;0.749;54.627;42.436;148;5.55;1.466;-0.65;-0.225;;;;;2;1.5;;;;;;;;;;;;;;;;;
Stegastes_nigricans;Stegastes_nigricans;ST_NI_MO_03_16_010;3.1;0.6967;57.814;45.772;NA;NA;NA;NA;NA;;;;;5;3;;;;;;;;;;;;;;;;;
Stegastes_nigricans;Stegastes_nigricans;ST_NI_MO_03_16_011;2.4;0.6576;47.758;38.754;NA;NA;NA;NA;NA;;;;;3;2;;;;;;;;;;;;;;;;;
Stegastes_nigricans;Stegastes_nigricans;ST_NI_MO_03_16_012;2.2;0.547;46.745;38.333;NA;NA;NA;NA;NA;;;;;3;2;;;;;;;;;;;;;;;;;
Stegastes_nigricans;Stegastes_nigricans;ST_NI_MO_03_16_013;1.9;0.4635;45.191;35.767;NA;NA;NA;NA;NA;;;;;2;2;;;;;;;;;;;;;;;;;
Stegastes_nigricans;Stegastes_nigricans;ST_NI_MO_03_16_014;0.6;0.1702;32.881;25.638;NA;NA;NA;NA;NA;;;;;1;0.5;;;;;;;;;;;;;;;;;
Stegastes_nigricans;Stegastes_nigricans;ST_NI_MO_03_16_015;0.6;0.122;30.558;23.917;NA;NA;NA;NA;NA;;;;;2;1;;;;;;;;;;;;;;;;;
Stegastes_nigricans;Stegastes_nigricans;ST_NI_MO_03_16_016;0.3;0.0629;24.985;20.835;NA;NA;NA;NA;NA;;;;;na;na;;;;;;;;;;;;;;;;;
Stegastes_nigricans;Stegastes_nigricans;ST_NI_MO_03_16_017;0.1;0.0356;19.291;15.794;NA;NA;NA;NA;NA;;;;;1;1;;;;;;;;;;;;;;;;;
Synodus_jaculum;Synodus_jaculum;SY_JA_MO_03_16_001;28;7.9497;155.025;134.894;234;738.05;2.011;719.35;2.011;;;;;37;33;0;;;;;;;;;;;;;;;;
Synodus_jaculum;Synodus_jaculum;SY_JA_MO_03_16_002;19.4;4.878;139.869;121.432;NA;NA;NA;NA;NA;;;;;32;28;0;;;;;;;;;;;;;;;;
Synodus_jaculum;Synodus_jaculum;SY_JA_MO_03_16_003;17;4.5793;135.751;119.304;235;33.462;1.857;29.763;1.858;;;;;32;31;0;;;;;;;;;;;;;;;;
Synodus_jaculum;Synodus_jaculum;SY_JA_MO_03_16_004;10.8;2.7499;116.435;100.081;NA;NA;NA;NA;NA;;;;;26;26;0;;;;;;;;;;;;;;;;
Synodus_jaculum;Synodus_jaculum;SY_JA_MO_03_16_005;12;3.088;116.876;101.22;236;2.962;1.278;1.862;1.226;;;;;21;20;0;;;;;;;;;;;;;;;;
Synodus_jaculum;Synodus_jaculum;SY_JA_MO_03_16_006;9.8;2.37;111.236;96.793;NA;NA;NA;NA;NA;;;;;24;23;0;;;;;;;;;;;;;;;;
Synodus_jaculum;Synodus_jaculum;SY_JA_MO_03_16_007;7.3;1.7591;107.908;93.723;237;12.763;1.818;20.663;1.794;;;;;23;24;0;;;;;;;;;;;;;;;;
Synodus_jaculum;Synodus_jaculum;SY_JA_MO_03_16_008;7.7;1.7044;96.442;84.82;NA;NA;NA;NA;NA;;;;;19;19;0;;;;;;;;;;;;;;;;
Synodus_jaculum;Synodus_jaculum;SY_JA_MO_03_16_009;7.3;1.7526;98.06;86.869;238;9.562;1.462;9.963;1.985;;;;;19;20;0;;;;;;;;;;;;;;;;
Synodus_jaculum;Synodus_jaculum;SY_JA_MO_03_16_010;6.2;1.436;94.258;82.95;NA;NA;NA;NA;NA;;;;;21;21;0;;;;;;;;;;;;;;;;
Synodus_jaculum;Synodus_jaculum;SY_JA_MO_03_16_011;4.8;1.2452;91.578;80.039;239;4.162;1.872;5.463;1.81;;;;;17;19;0;;;;;;;;;;;;;;;;
Synodus_jaculum;Synodus_jaculum;SY_JA_MO_03_16_012;3.7;0.962;84.311;73.516;NA;NA;NA;NA;NA;;;;;16;17;0;;;;;;;;;;;;;;;;
Synodus_jaculum;Synodus_jaculum;SY_JA_MO_03_16_013;2.9;0.7242;81.59;71.074;240;8.95;2.138;4.45;1.063;;;;;17;16;0;;;;;;;;;;;;;;;;
Synodus_jaculum;Synodus_jaculum;SY_JA_MO_03_16_014;1.3;0.3282;67.001;58.824;NA;NA;NA;NA;NA;;;;;15;14;0;;;;;;;;;;;;;;;;
Synodus_jaculum;Synodus_jaculum;SY_JA_MO_03_16_015;1.7;0.3432;59.468;53.92;NA;NA;NA;NA;NA;;;;;10;10;0;;;;;;;;;;;;;;;;
Synodus_jaculum;Synodus_jaculum;SY_JA_MO_03_16_016;1.6;0.3668;59.066;51.844;NA;NA;NA;NA;NA;;;;;9;12;0;;;;;;;;;;;;;;;;
Synodus_jaculum;Synodus_jaculum;SY_JA_MO_03_16_017;1.2;0.2668;55.046;48.649;NA;NA;NA;NA;NA;;;;;11;11;0;;;;;;;;;;;;;;;;
Synodus_jaculum;Synodus_jaculum;SY_JA_MO_03_16_018;1.3;0.2929;58.236;51.039;241;1.063;0.95;3.863;0.802;;;;;15;12;0;;;;;;;;;;;;;;;;
Synodus_jaculum;Synodus_jaculum;SY_JA_MO_03_16_019;1.2;0.2646;55.325;49.735;NA;NA;NA;NA;NA;;;;;11;11;0;;;;;;;;;;;;;;;;
Synodus_jaculum;Synodus_jaculum;SY_JA_MO_03_16_020;0.5;0.0624;37.926;33.14;NA;NA;NA;NA;NA;;;;;7;6;0;;;;;;;;;;;;;;;;
Synodus_variegatus;Synodus_variegatus;SY_VA_MO_03_16_001;19.1;5.0327;127.028;114.574;NA;NA;NA;NA;NA;;;;;28;31;0;;;;;;;;;;;;;;;;
Thalassoma_hardwicke;Thalassoma_hardwicke;TH_HA_MO_03_16_001;15.2;4.0193;105.951;90.131;64;120.71;1.88;NA;NA;;;;;4;6;3;;;;;;;;;;;;;;;;
Thalassoma_hardwicke;Thalassoma_hardwicke;TH_HA_MO_03_16_002;3.2;0.7978;64.371;56.047;65;6.91;1.9;NA;NA;;;;;4;2;1;;;;;;;;;;;;;;;;
Thalassoma_hardwicke;Thalassoma_hardwicke;TH_HA_MO_03_16_003;1.1;0.3818;45.406;39.082;66*;18.7;3.13;NA;NA;;;;;2;2;1;;;;;;;;;;;;;;;;
Thalassoma_hardwicke;Thalassoma_hardwicke;TH_HA_MO_03_16_004;0.9;0.264;44.708;37.88;67;6.437;2.168;9.937;2.129;;;;;2;1;2;;;;;;;;;;;;;;;;
Thalassoma_hardwicke;Thalassoma_hardwicke;TH_HA_MO_03_16_005;0.8;0.185;41.122;35.345;NA;NA;NA;NA;NA;;;;;2;2;2;;;;;;;;;;;;;;;;
Valenciennea_strigata;Valenciennea_strigata;VA_ST_MO_03_16_001;7.9;1.6584;99.788;81.673;92;18.39;1.8;NA;NA;;;;;13;12;2;;;;;;;;;;;;;;;;
Valenciennea_strigata;Valenciennea_strigata;VA_ST_MO_03_16_002;7.4;1.5163;95.637;77.031;93;22.79;1.63;NA;NA;;;;;13;13;4;;;;;;;;;;;;;;;;
Valenciennea_strigata;Valenciennea_strigata;VA_ST_MO_03_16_003;3.8;0.8668;77.748;63.127;94;58.89;1.85;NA;NA;;;;;11;11;3;;;;;;;;;;;;;;;;
Valenciennea_strigata;Valenciennea_strigata;VA_ST_MO_03_16_004;0.3;0.00604;33.31;27.22;NA;NA;NA;NA;NA;;;;;5;2;2;;;;;;;;;;;;;;;;
