Names;Species;Location;Habitat;photo;TL_cm;SL_cm;Masse (g);Mev(g);MO_OP;MO_W;PRO;Sex;GEN;SIA 1;SIA 2;OTO;BAR;AE2;W gon (g);W (liv);AE1;VIT;µ NUT;CNP;COMMENTS
GAM18_B001;Naso_unicornis;A2;lagoon;IMG_0405;53.155;39.949;1650;1250;26;20;0;F;1;1;1;1;0;1;7.3;24.5;0;1;1;;
GAM18_B002;Rhinecanthus_aculeatus;A2;lagoon;IMG_0406;17.904;14.947;139;132;12;14;0;M;1;1;1;1;0;0;1.45;3;0;0;0;;
GAM18_B003;Myripristis_berndti;A2;lagoon;IMG_0407;18.403;14.247;NA;101;31;20;0.2;M;1;1;1;1;0;0;0.23;0.67;0;0;0;;no tube for gonds and liver
GAM18_B004;Synodus_variegatus;A2;lagoon;IMG_0408;22.083;19.655;98;93;42;14;0;NA;1;1;1;1;0;0;NA;1.2;0;0;0;;
GAM18_B005;Mulloidichthys_flavolineatus;A2;lagoon;IMG_0409;23.612;18.798;122;114;18;33;4;F;1;1;1;1;0;1;0.55;0.75;0;0;0;;
GAM18_B006;Acanthurus_achilles;A2;lagoon;IMG_0410;19.284;15.203;114;84.5;8;46;0;NA;1;1;1;1;0;0;NA;NA;0;0;0;;
GAM18_B007;Centropyge_flavissima;A2;lagoon;IMG_0411;12.023;9.992;58;51.2;4;20;0.5;M;1;1;1;1;0;1;0.07;0.12;0;0;0;;
GAM18_B008;Dascyllus_flavicaudus;A2;lagoon;IMG_0412;8.89;6.892;21;19;5;6;1;F;1;1;1;1;0;0;0.1;0.09;0;0;0;;
GAM18_B009;Abudefduf_sexfasciatus;A2;lagoon;IMG_0413;15.889;12.129;75;71;13;4;5;M;1;1;1;1;0;1;0.04;0.5;0;0;0;;
GAM18_B010;Abudefduf_sexfasciatus;A2;lagoon;IMG_0414;17.052;12.695;78;72.8;13;5;5;M;1;1;1;1;0;1;0.03;0.24;0;0;0;;parasites collé intestins
GAM18_B011;Cheilinus_chlorourus;A2;lagoon;IMG_0415;21.556;17.36;197;186.6;23;8;13;NA;1;1;1;1;0;1;NA;1.48;0;0;0;;
GAM18_B012;Gymnosarda_unicolor;A2;lagoon;IMG_0429;98.469;86.323;12950;11950;117;10;0;F;1;1;1;1;1;1;64.6;59.67;1;1;1;;
GAM18_B013;Chromis_viridis;A2;lagoon;IMG_0416;11.467;8.588;20.5;16.4;11;26;5;M;1;1;1;1;1;1;0.01;0.04;0;0;0;;
GAM18_B014;Centropyge_flavissima;A1;outer;IMG_0417;8.798;7.196;18.5;15.7;4;4;2;NA;1;1;1;1;0;0;0;0;0;0;0;;
GAM18_B015;Chaetodon_lunulatus;A1;outer;IMG_0418;10.751;9.412;34.5;28.9;6;7;3;NA;1;1;1;1;1;0;0;0.24;0;0;0;;
GAM18_B016;Paracirrhites_hemistictus;A1;outer;IMG_0421;26.603;22.798;350;400;22;32;6;M;1;1;1;1;0;0;0.3;2.9;0;0;0;;
GAM18_B017;Naso_unicornis;A1;outer;IMG_0423;NA;35.782;1300;1200;28;18;0;M;1;1;1;1;1;1;8.4;14.6;0;1;1;;
GAM18_B018;Chlorurus_spilurus;A1;outer;IMG_0424;18.945;15.894;121;113.42;20;14;0;NA;1;1;1;0;0;0;0;1.49;0;1;1;;
GAM18_B019;Siganus_argenteus;A2;lagoon;IMG_0425;32.712;24.979;400;356;19;12;0;F;1;1;1;1;0;0;0.22;2.43;0;0;0;;
GAM18_B020;Scarus_ghobban;A2;lagoon;IMG_0426;50.849;38.312;1900;1700;42;27;0;M;1;1;1;1;0;1;1.35;56;0;0;0;;
GAM18_B021;Chaetodon_lunulatus;A1;outer;IMG_0419;11.703;10.28;38.42;35.75;7;7;3;NA;1;1;1;1;0;1;NA;0.2;0;0;0;;Attention pb sur photo c'est le celu qui suit le B15
GAM18_B022;Plectropomus_laevis;A1;outer;IMG_0434;75.125;60.654;6300;5900;NA;NA;NA;M;1;1;1;1;1;1;3.17;67.62;0;1;1;;
GAM18_B023;Plectropomus_laevis;A1;outer;IMG_0435;95.724;77.994;9300;7850;112;160;20;M;1;1;1;1;0;1;1.7;44.35;0;1;1;;
GAM18_B024;Gnathonodon_speciosus;B1;lagoon;IMG_0437;75.515;59.377;5950;5700;65;75;36;M;1;1;1;1;1;1;91.4;75.2;1;1;1;;
GAM18_B025;Plectropomus_laevis;B1;lagoon;IMG_0438;60.25;50.523;3100;2750;85;85;8;F;1;1;1;1;1;1;15.1;26;1;1;1;;
GAM18_B026;Epinephelus_polyphekadion;B1;lagoon;IMG_0439;56.869;49.583;2500;2300;88;106;12;M;1;1;1;1;0;1;7.8;57.1;0;1;1;;
GAM18_B027;Epinephelus_polyphekadion;B1;lagoon;IMG_0440;53.491;45.874;3050;2650;96;89;NA;F;1;1;1;1;0;0;11.7;66;0;1;1;;
GAM18_B028;Scarus_ghobban;B1;lagoon;IMG_0441;52.793;44.667;2050;1700;47;29;0;F;1;1;1;1;0;0;9.2;52.45;0;1;1;;
GAM18_B029;Chlorurus_microrhinos;B1;lagoon;IMG_0442;56.922;39.444;2100;1700;43;27;0;NA;1;1;1;1;0;1;NA;65.05;0;0;0;CNP;
GAM18_B030;Chlorurus_microrhinos;B1;lagoon;IMG_0443;40.421;31.591;850;650;32;20;0;F;1;1;1;1;0;1;3.4;18.97;0;0;0;CNP;
GAM18_B031;Scarus_frenatus;B1;lagoon;IMG_0444;41.11;33.322;1050;850;30;21;0;M;1;1;1;1;1;1;0.52;44.45;0;1;1;;
GAM18_B032;Chlorurus_spilurus;B1;lagoon;IMG_0445;23.095;18.959;267.9;187;23;16;0;NA;1;1;1;1;1;1;NA;9.8;1;0;0;;
GAM18_B033;Chlorurus_spilurus;B1;lagoon;IMG_0446;26.441;22.347;379.7;316;25;18;0;M;1;1;1;1;1;1;0.15;6.8;1;0;0;;
GAM18_B034;Chlorurus_spilurus;B1;lagoon;IMG_0447;26.339;22.375;324.3;284;23;12;0;M;1;1;1;1;0;1;0.1;8.9;0;0;0;;
GAM18_B035;Epinephelus_tauvina;B1;lagoon;IMG_0448;57.368;48.777;2550;2450;100;115;17;F;1;1;1;1;1;1;9.89;32.3;0;1;1;;Parasites
GAM18_B036;Gymnosarda_unicolor;B1;lagoon;IMG_0449;49.92;41.402;1400;1250;56;30;0;I;1;1;1;1;1;1;NA;4.7;1;1;1;;
GAM18_B037;Parupeneus_barberinus;B1;lagoon;IMG_0450;47.524;35.642;1000;650;26;27;7;M;1;1;1;1;1;1;0.44;4.05;1;1;1;;
GAM18_B038;Parupeneus_barberinus;B1;lagoon;IMG_0452;33.572;26.1;347.3;326;23;25;4;I;1;1;1;1;1;1;NA;1.6;0;0;0;;
GAM18_B039;Naso_lituratus;B1;lagoon;IMG_0453;NA;28.422;800;700;17;14;0;M;1;1;1;1;1;1;0.47;13.1;1;0;0;;
GAM18_B040;Naso_lituratus;B1;lagoon;IMG_0454;43.248;28.181;800;650;12;10;0;NA;1;1;1;1;1;1;NA;10.35;1;0;0;;
GAM18_B041;Siganus_argenteus;B1;lagoon;IMG_0455;28.914;22.976;322;272;15;12;0;M;1;1;1;1;1;0;0.32;3.6;0;0;0;;
GAM18_B042;Siganus_argenteus;B1;lagoon;IMG_0456;28.488;22.646;326;260;17;9;0;F;1;1;1;1;0;1;1.2;5.95;0;0;0;;
GAM18_B043;Siganus_argenteus;B1;lagoon;IMG_0457;23.778;17.699;166;136;11;9;0;F;1;1;1;1;1;1;0.2;1.9;1;0;0;;
GAM18_B044;Parupeneus_multifasciatus;B1;lagoon;IMG_0458;21.593;17.166;125;117;22;20;4;M;1;1;1;1;1;1;0.3;0.61;1;0;0;;
GAM18_B045;Ctenochaetus_striatus;B1;lagoon;IMG_0459;17.899;12.465;94.5;83;12;10;0;M;1;1;1;1;0;1;0.23;0.05;0;0;0;;
GAM18_B046;Centropyge_flavissima;B1;lagoon;IMG_0460;14.85;11.951;97;83;4;3;7;M;1;1;1;1;1;1;0.13;0.48;1;0;0;;
GAM18_B047;Centropyge_flavissima;B1;lagoon;IMG_0461;13.83;11.097;86;75;5;6;7;F;1;1;1;1;1;1;0.08;0.4;1;0;0;;
GAM18_B048;Centropyge_flavissima;B1;lagoon;IMG_0462;14.98;12.206;87;78;7;5;7;M;1;1;1;1;1;1;0.14;0.38;1;0;0;;
GAM18_B049;Chlorurus_microrhinos;B1;lagoon;IMG_0463;34.504;27.274;650;550;27;19;0;M;1;1;1;1;0;1;0.24;.15.21;0;0;0;;
GAM18_B050;Thalassoma_hardwicke;B1;lagoon;IMG_0464;20.645;16.321;112.43;104;13;10;6;M;1;1;1;1;1;1;0.2;0.45;1;0;0;;
GAM18_B051;Chaetodon_unimaculatus;B1;lagoon;IMG_0465;12.354;10.52;53.77;45;6;6;0;F;1;1;1;1;0;0;0.21;0.63;0;0;0;;
GAM18_B052;Plectropomus_laevis;C2;lagoon;IMG_0468;65.482;54.356;3800;3550;83;108;10;F;1;1;1;1;1;1;14;40.15;1;1;1;;
GAM18_B053;Plectropomus_laevis;C2;lagoon;IMG_0469;64.126;55.399;3200;3050;60;99;7;F;1;1;1;1;1;1;10.94;34.25;1;1;1;;
GAM18_B054;Plectropomus_laevis;C2;lagoon;IMG_0470;63.937;54.18;2950;2850;70;99;11;F;1;1;1;1;0;1;11.8;18.05;0;1;1;;
GAM18_B055;Naso_lituratus;C2;lagoon;IMG_0471;32.45;22.636;367;306;15;12;0;M;1;1;1;1;1;0;0.22;4.45;1;1;1;;
GAM18_B056;Centropyge_flavissima;C1;outer;IMG_0472;10.944;9.103;34.7;30;7;5;7;I;1;1;1;1;1;1;0.02;0.16;1;0;0;;
GAM18_B057;Centropyge_flavissima;C1;outer;IMG_0473;11.351;9.162;43.59;40.16;6;5;6;M;1;1;1;1;1;0;0.08;0.13;1;0;0;;
GAM18_B058;Centropyge_flavissima;C1;outer;IMG_0474;10.778;8.772;33.64;21;7;3;4;M;1;1;1;1;1;1;0.02;NA;1;0;0;;
GAM18_B059;Acanthurus_achilles;C2;lagoon;IMG_0475;19.014;14.857;119;92;6;5;0;F;1;1;1;1;1;1;0.17;0.63;1;0;0;CNP;
GAM18_B060;Acanthurus_achilles;C1;outer;IMG_0476;13.79;10.636;55.58;47;6;6;0;F;1;1;1;1;1;1;0.03;0.53;0;0;0;CNP;
GAM18_B061;Gnathodentex_aureolineatus;C1;outer;IMG_0477;20.468;16.49;125.97;117;14;16;6;F;1;1;1;1;1;0;0.22;0.88;0;0;0;CNP;
GAM18_B062;Gnathodentex_aureolineatus;C2;lagoon;IMG_0478;20.119;15.619;106.45;98;13;11;6;F;1;1;1;1;1;1;0.48;0.53;0;0;0;CNP;
GAM18_B063;Gnathodentex_aureolineatus;C2;lagoon;IMG_0479;19.673;15.346;109;100;18;17;7;F;1;1;1;1;1;1;0.33;0.64;1;0;0;CNP;
GAM18_B064;Mulloidichthys_flavolineatus;C2;lagoon;IMG_0480;22.422;17.624;106.8;96;16;16;0;M;1;1;1;1;0;1;0.17;0.72;0;0;0;;
GAM18_B065;Parupeneus_multifasciatus;C1;outer;IMG_0481;20.93;16.726;114.6;99;25;25;6;M;1;1;1;1;1;0;0.13;0.45;1;0;0;;
GAM18_B066;Cheilinus_chlorourus;C2;lagoon;IMG_0482;20.535;16.226;130.1;120.5;24;24;8;F;1;1;1;1;1;1;0.04;1.03;1;0;0;CNP;
GAM18_B067;Chlorurus_spilurus;C2;lagoon;IMG_0483;21;17.6;182.7;155;21;12;0;NA;1;1;1;1;0;1;NA;5.57;0;0;0;CNP;
GAM18_B068;Sufflamen_bursa;C1;outer;IMG_0484;18.117;14.59;121.3;108.5;12;11;3;F;1;1;1;1;0;0;0.04;8.2;0;0;0;;
GAM18_B069;Cantherhines_sandwichensis;C1;outer;IMG_0485;14.141;11.406;49.95;40.8;9;3;0;F;1;1;1;1;1;0;0.34;0.96;0;0;0;;
GAM18_B070;Lutjanus_kasmira;C2;lagoon;IMG_0486;27.829;22.382;315.8;281;31;30;6;F;1;1;1;1;1;1;1.63;2.26;0;0;0;;Parasites
GAM18_B071;Mulloidichthys_flavolineatus;C2;lagoon;IMG_0487;22.536;17.882;97.85;88;17;17;8;F;1;1;1;1;1;1;0.21;0.55;0;0;0;;
GAM18_B072;Gymnosarda_unicolor;C1;outer;IMG_0488;79.486;66.991;5850;5300;100;90;0;F;1;1;1;1;1;1;9.4;31.83;0;1;1;;
GAM18_B073;Gymnosarda_unicolor;C1;outer;IMG_0489;53.329;45.508;NA;1550;67;65;0;F;1;1;1;1;1;1;0.18;4;1;1;1;;
GAM18_B074;Plectropomus_laevis;D1;outer;IMG_0492;92.561;78.458;10350;9950;121;160;21;F;1;1;1;1;0;1;6.48;56.46;0;1;1;;
GAM18_B075;Plectropomus_laevis;D1;outer;IMG_0496;86.38;70.318;8050;7950;97;150;20;F;1;1;1;1;1;1;3.35;68.1;0;1;1;;
GAM18_B076;Lutjanus_bohar;D1;outer;IMG_0497;75.844;61.948;7150;6750;110;114;20;F;1;1;1;1;0;1;164.5;78.75;0;1;1;;
GAM18_B077;Letrinus_atkinsoni;D1;outer;IMG_0498;46.308;36.619;1450;1250;60;42;9;F;1;1;1;1;1;1;5.89;13.6;1;1;1;;
GAM18_B078;Letrinus_atkinsoni;D1;outer;IMG_0499;43.813;35.439;1500;1350;49;36;10;F;1;1;1;1;1;1;3.05;15.65;0;1;1;;
GAM18_B079;Naso_unicornis;D1;outer;IMG_0500;NA;36.34;1250;1100;25;20;0;F;1;1;1;1;1;0;5.6;19.02;1;1;1;;
GAM18_B080;Naso_unicornis;D1;outer;IMG_0501;61.265;43.872;2250;2000;26;22;0;F;1;1;1;1;1;1;3.75;34.56;1;1;1;;
GAM18_B081;Cantherhines_dumerilii;D1;outer;IMG_0502;32.24;27.181;NA;600;22;17;0;F;1;1;1;1;1;0;5.17;23.25;1;0;0;;
GAM18_B082;Aphareus_furca;D1;outer;IMG_0503;48.351;37.783;1150;1050;66;66;0;F;1;1;1;1;1;0;6.9;7.2;1;1;1;;
GAM18_B083;Coris_aygula;D1;outer;IMG_0504;48.134;36.134;1750;1650;45;35;12;F;1;1;1;1;1;1;11.55;11.4;1;0;0;CNP;
GAM18_B084;Acanthurus_achilles;D1;outer;IMG_0505;15.725;11.87;77.5;64;6;6;0;I;1;1;1;1;0;0;NA;0.58;0;0;0;CNP;
GAM18_B085;Acanthurus_achilles;D1;outer;IMG_0506;12.986;9.868;44.7;35.3;4;3;0;NA;1;1;1;1;1;0;NA;0.34;0;0;0;CNP;
GAM18_B086;Pseudobalistes_fuscus;D1;outer;IMG_0507;38.126;29.328;1250;1100;37;22;0;F;1;1;1;1;1;1;12.37;44.51;1;0;0;CNP;
GAM18_B087;Scarus_frenatus;D1;outer;IMG_0509;29.362;24.322;450;400;26;17;0;F;1;1;1;1;0;1;2.5;15.8;0;0;0;CNP;
GAM18_B088;Scarus_frenatus;D1;outer;IMG_0510;25.16;20.752;276.4;243;19;15;0;F;1;1;1;1;0;1;1.45;8.45;0;0;0;CNP;
GAM18_B089;Chlorurus_frontalis;D1;outer;IMG_0511;43.341;36.309;1450;1250;35;29;0;M?;1;1;1;1;1;1;1;51.3;1;0;0;CNP;
GAM18_B090;Chaetodon_lineatus;D2;lagoon;IMG_0512;31.232;26.959;750;600;16;15;9;F;1;1;1;1;1;0;5.6;8.6;1;0;0;;
GAM18_B091;Monotaxis_grandoculis;D2;lagoon;IMG_0513;30.563;24.172;430;400;40;22;5;F;1;1;1;1;0;1;0.3;2.65;0;0;0;;
GAM18_B092;Plectropomus_laevis;E1;outer;IMG_0515;91.328;74.929;10750;10500;120;160;10;M;1;1;1;1;0;1;4;106;0;1;1;;
GAM18_B093;Monotaxis_grandoculis;E1;outer;IMG_0516;42.744;34.039;1100;1050;56;38;2;F;1;1;1;1;1;1;7.1;12.3;1;1;1;;
GAM18_B094;Monotaxis_grandoculis;E1;outer;IMG_0517;50.538;39.154;1650;1350;72;61;7;F;1;1;1;1;1;1;1.45;11;0;1;1;;
GAM18_B095;Chlorurus_microrhinos;E1;outer;IMG_0518;55.636;41.6;2100;1850;40;20;0;M;1;1;1;1;0;1;0.4;58.9;0;0;0;CNP;
GAM18_B096;Chlorurus_frontalis;E2;lagoon;IMG_0519;34.229;29.036;800;700;30;22;0;F;1;1;1;1;1;1;3.5;23.55;1;0;0;CNP;
GAM18_B097;Naso_hexagonatus;E1;outer;IMG_0520;45.63;39.187;1250;1100;23;23;0;F;1;1;1;1;1;1;0.5;4.88;1;1;1;;
GAM18_B098;Naso_lituratus;E2;lagoon;IMG_0521;32.803;23.774;500;350;17;15;0;M;1;1;1;1;1;1;0.58;7.3;0;1;1;;
GAM18_B099;Lutjanus_kasmira;E2;lagoon;IMG_0522;32.626;25.94;400;350;40;43;5;F;1;1;1;1;1;1;3.3;5.22;1;1;1;;
GAM18_B100;Siganus_argenteus;E2;lagoon;IMG_0523;34.095;26.298;500;400;22;18;0;NA;1;1;1;1;1;0;1.06;3.67;0;1;1;;
GAM18_B101;Siganus_argenteus;E2;lagoon;IMG_0524;25.721;20.239;187.6;NA;15;12;0;M;1;1;1;1;0;1;0.5;1.6;0;1;1;;
GAM18_B102;Gnathodentex_aureolineatus;E2;lagoon;IMG_0525;24.55;19.16;169.7;156.5;19;16;7;F;1;1;1;1;1;1;0.4;0.7;0;0;0;;
GAM18_B103;Gnathodentex_aureolineatus;E2;lagoon;IMG_0526;25.477;20.518;184.3;162.5;22;20;9;F;1;1;1;1;0;1;0.37;0.62;0;0;0;;
GAM18_B104;Gnathodentex_aureolineatus;E2;lagoon;IMG_0527;23.262;18.495;169;156.6;16;15;9;F;1;1;1;1;0;1;0.46;1.07;0;0;0;;
GAM18_B105;Gnathodentex_aureolineatus;E2;lagoon;IMG_0528;22.416;17.565;121.1;113;15;13;9;F;1;1;1;1;1;1;0.17;0.6;0;0;0;;
GAM18_B106;Gnathodentex_aureolineatus;E2;lagoon;IMG_0529;20.881;16.566;104.7;97;19;18;5;F;1;1;1;1;0;1;0.14;0.35;0;0;0;;
GAM18_B107;Cheilinus_trilobatus;E2;lagoon;IMG_0530;28.909;22.184;316;297;30;30;7;F;1;1;1;1;1;1;0.27;3.42;1;0;0;CNP;
GAM18_B108;Scarus_psittacus;E2;lagoon;IMG_0531;23.579;19.4;235;216;15;13;0;F;1;1;1;1;0;1;0.35;7.4;0;0;0;CNP;
GAM18_B109;Epinephelus_merra;E2;lagoon;IMG_0532;22.375;19.065;121.9;110;40;42;8;M;1;1;1;1;0;1;0.33;1.28;0;0;0;;
GAM18_B110;Abudefduf_sexfasciatus;E2;lagoon;IMG_0533;16.146;12.373;77.9;72;13;8;4;F;1;1;1;1;0;0;0.32;0.32;0;0;0;;
GAM18_B111;Centropyge_flavissima;E2;lagoon;IMG_0534;9.678;7.755;28.5;24;5;6;4;M;1;1;1;1;1;0;0.42;0.24;1;0;0;;
GAM18_B112;Acanthurus_triostegus;E2;lagoon;IMG_0535;18.172;14.338;110.8;93;10;20;0;M;1;1;1;1;0;1;0.39;1.21;0;0;0;CNP;
GAM18_B113;Acanthurus_triostegus;E2;lagoon;IMG_0536;16.498;13.393;96.8;85;9;8;0;F;1;1;1;1;0;1;0.29;0.99;0;0;0;CNP;
GAM18_B114;Acanthurus_achilles;E1;outer;IMG_0537;14.793;11.544;70.15;56;7;6;0;NA;1;1;1;1;0;1;NA;0.51;0;0;0;CNP;
GAM18_B115;Acanthurus_achilles;E1;outer;IMG_0538;15.324;11.667;66.8;53;8;7;0;F;1;1;1;1;1;0;0.14;NA;1;0;0;CNP;
GAM18_B116;Plectropomus_laevis;F3;lagoon;IMG_0541;84.27;71.03;8650;7700;106;144;16;F;1;1;1;1;1;1;5.89;41.67;1;0;0;;Poisson dans estomac
GAM18_B117;Plectropomus_laevis;F1;outer;IMG_0543;87.619;72.854;9600;8950;100;150;16;F;1;1;1;1;1;1;3.45;103.32;1;0;0;;Peroquet dans estomac
GAM18_B118;Chlorurus_microrhinos;F1;outer;IMG_0545;61.838;44.432;2450;1850;38;30;0;M;1;1;1;1;0;1;0.48;118.5;0;0;0;CNP;
GAM18_B119;Chlorurus_frontalis;F3;lagoon;IMG_0546;50.348;40.262;2050;1750;37;29;0;M;1;1;1;1;1;1;0.44;52.48;1;0;0;CNP;
GAM18_B120;Coris_aygula;F3;lagoon;IMG_0547;35.416;29.963;600;550;28;25;9;F;1;1;1;1;1;1;1.75;3.4;1;0;0;CNP;
GAM18_B121;Plectropomus_laevis;F3;lagoon;IMG_0554;54.831;45.665;2350;2100;67;63;7;F;1;1;1;1;1;1;7.88;17.45;0;0;0;;
GAM18_B122;Epinephelus_polyphekadion;F3;lagoon;IMG_0556;52.739;45.295;2300;2100;86;95;20;F;1;1;1;1;0;1;5.77;25.65;0;0;0;;
GAM18_B123;Monotaxis_grandoculis;F1;outer;IMG_0557;46.805;38.991;2100;1950;47;51;10;F;1;1;1;1;0;1;1.9;14.9;0;1;1;;
GAM18_B124;Monotaxis_grandoculis;F3;lagoon;IMG_0558;46.91;37.423;1600;1550;52;44;7;F;1;1;1;1;1;1;2.57;13.45;1;1;1;;
GAM18_B125;Naso_lituratus;F3;lagoon;IMG_0559;35.485;25.153;450;371.76;14;12;0;M;1;1;1;1;1;0;0.35;5;1;1;1;;
GAM18_B126;Naso_lituratus;F3;lagoon;IMG_0560;34.385;23.157;418;390;13;11;0;M;1;1;1;1;1;1;1.1;5.07;1;1;1;;
GAM18_B127;Aphareus_furca;F1;outer;IMG_0561;53.563;42.818;1200;1150;65;64;0;F;1;1;1;1;0;0;7.15;6.46;0;1;1;;
GAM18_B128;lutjanus_fulcus;F2;lagoon;IMG_0562;34.404;27.642;650;600;37;37;2;F;1;1;1;1;0;0;14.85;5.83;0;1;1;;
GAM18_B129;Parupeneus_barberinus;F3;lagoon;IMG_0563;48.678;37.084;950;900;35;27;6;F;1;1;1;1;1;1;3.85;6.89;1;0;0;;no tube for gonds and liver
GAM18_B130;Parupeneus_barberinus;F3;lagoon;IMG_0564;49.601;37.406;1000;900;38;39;7;F;1;1;1;1;1;1;4.95;4.5;1;0;0;;
GAM18_B131;Parupeneus_barberinus;F3;lagoon;IMG_0565;40.961;32.936;650;550;28;25;4;F;1;1;1;1;0;1;2.01;4;1;0;0;;
GAM18_B132;Zebrasoma_velifer;F3;lagoon;IMG_0566;32.846;25.223;650;400;14;9;0;M;1;1;1;1;0;0;0.21;3.5;0;0;0;;
GAM18_B133;Siganus_argenteus;F3;lagoon;IMG_0567;23.639;18.261;148.46;127;15;12;0;I;1;1;1;1;0;1;0.18;1.73;0;0;0;;
GAM18_B134;Acanthurus_triostegus;F2;lagoon;IMG_0568;16.067;12.579;73.48;66.3;7;8;0;M;1;1;1;1;0;0;0.12;0.55;0;0;0;CNP;
GAM18_B135;Acanthurus_achilles;F3;lagoon;NA;NA;NA;61.31;49.3;5;4;0;M;1;1;1;1;1;1;0.05;0.36;0;0;0;CNP;No photo and no length
GAM18_B136;Pseudobalistes_fuscus;F2;lagoon;IMG_0569;51.503;38.977;NA;2200;33;22;0;F;1;1;1;1;1;0;18.7;110.65;1;0;0;;
GAM18A001;Naso_lituratus;A1;outer;NA;29;23;600;NA;NA;NA;NA;NA;?;1;NA;1;1;1;NA;NA;1;NA;NA;;
GAM18A002;Cephalopholis_urodeta;A1;outer;NA;17;14.5;85.3;NA;NA;NA;NA;NA;?;1;NA;1;1;0;0.167;NA;0;NA;NA;;
GAM18A003;Ctenochaetus_striatus;A2;lagoon;NA;18.5;12.2;84;NA;NA;NA;NA;NA;?;1;NA;1;1;0;NA;NA;1;NA;NA;;
GAM18A004;Epinephelus_merra;A2;lagoon;NA;24.9;19.9;232.1;NA;NA;NA;NA;NA;?;1;NA;1;1;1;NA;NA;0;NA;NA;;
GAM18A005;Naso_lituratus;A2;lagoon;NA;30;19;379;NA;NA;NA;NA;NA;?;1;NA;1;1;1;NA;NA;1;NA;NA;;
GAM18A006;Zebrasoma_scopas;A2;lagoon;NA;12.9;10.5;53;NA;NA;NA;NA;M;?;1;NA;0;1;1;0.1;NA;0;NA;NA;;
GAM18A007;Myripristis_amaena;A2;lagoon;NA;21.5;16;13.6;NA;NA;NA;NA;F;?;1;NA;1;0;1;0.57;NA;0;NA;NA;;
GAM18A008;Zebrasoma_scopas;A2;lagoon;NA;14.9;11.5;75.8;NA;NA;NA;NA;NA;?;1;NA;1;1;1;NA;NA;1;NA;NA;;
GAM18A009;Naso_lituratus;A2;lagoon;NA;30;20.5;396;NA;NA;NA;NA;NA;?;1;NA;1;1;1;NA;NA;1;NA;NA;;
GAM18A010;Chaetodon_auriga;A2;lagoon;NA;19.1;15.6;118.1;NA;NA;NA;NA;F;?;1;NA;1;1;1;NA;NA;1;NA;NA;;
GAM18A011;Epibulus_insidiator;A2;lagoon;NA;28.4;17.5;238.6;NA;NA;NA;NA;M;?;1;NA;1;1;0;0.23;NA;1;NA;NA;;
GAM18A012;Naso_lituratus;A2;lagoon;NA;31;21.5;356;NA;NA;NA;NA;NA;?;1;NA;1;1;1;NA;NA;1;NA;NA;;
GAM18A013;Epinephelus_merra;A2;lagoon;NA;22.6;17.8;129.5;NA;NA;NA;NA;M ;?;1;NA;1;1;1;NA;NA;0;NA;NA;;
GAM18A014;Chlorurus_spilurus;A2;lagoon;NA;24.5;19;71.4;NA;NA;NA;NA;M;?;1;NA;1;1;1;0.1;NA;0;NA;NA;;
GAM18A015;Naso_lituratus;A2;lagoon;NA;30;21;345;NA;NA;NA;NA;NA;?;1;NA;1;1;1;NA;NA;1;NA;NA;;
GAM18A016;Ctenochaetus_striatus;A2;lagoon;NA;17.4;11.5;87.6;NA;NA;NA;NA;M ;?;1;NA;1;1;1;0.3;NA;1;NA;NA;;
GAM18A017;Epinephelus_merra;A2;lagoon;NA;22.8;18;167.8;NA;NA;NA;NA;M;?;1;NA;1;1;0;NA;NA;0;NA;NA;;
GAM18A018;Ctenochaetus_striatus;A2;lagoon;NA;18.2;12.8;99.2;NA;NA;NA;NA;F;?;1;NA;1;1;1;0.597;NA;1;NA;NA;;
GAM18A019;Halichoeres_trimaculatus;A2;lagoon;NA;18;14;82.6;NA;NA;NA;NA;F;?;1;NA;1;1;0;NA;NA;0;NA;NA;;
GAM18A020;Chaetodon_reticulatus;A2;lagoon;NA;12;9.5;58.7;NA;NA;NA;NA;NA;?;1;NA;1;1;1;NA;NA;0;NA;NA;;
GAM18A021;Halichoeres_trimaculatus;A2;lagoon;NA;18.6;15.2;74.1;NA;NA;NA;NA;M;?;1;NA;1;1;1;NA;NA;0;NA;NA;;
GAM18A022;Chlorurus_spilurus;A2;lagoon;NA;18.9;14.5;114.5;NA;NA;NA;NA;F;?;1;NA;1;1;1;0.5;NA;1;NA;NA;;
GAM18A023;Chaetodon_reticulatus;A2;lagoon;NA;22.5;20.5;55;NA;NA;NA;NA;NA;?;1;NA;1;1;1;NA;NA;1;NA;NA;;
GAM18A024;Chlorurus_spilurus;A2;lagoon;NA;21;17.2;203.7;NA;NA;NA;NA;M;?;1;NA;1;1;1;NA;NA;1;NA;NA;;
GAM18A025;Halichoeres_trimaculatus;A2;lagoon;NA;16;12.9;59.1;NA;NA;NA;NA;NA;?;1;NA;1;1;1;NA;NA;1;NA;NA;;
GAM18A026;Chaetodon_reticulatus;A2;lagoon;NA;12.5;11;62;NA;NA;NA;NA;NA;?;1;NA;1;1;1;NA;NA;1;NA;NA;;
GAM18A027;Scarus_psittacus;A2;lagoon;NA;22.6;17.5;190.3;NA;NA;NA;NA;M ;?;1;NA;1;1;1;0.8;NA;0;NA;NA;;
GAM18A028;Halichoeres_trimaculatus;A2;lagoon;NA;15.8;12.4;56.5;NA;NA;NA;NA;NA;?;1;NA;1;1;1;NA;NA;1;NA;NA;;
GAM18A029;Ctenochaetus_striatus;A2;lagoon;NA;19.5;13.8;93.2;NA;NA;NA;NA;NA;?;1;NA;1;1;1;NA;NA;1;NA;NA;;
GAM18A030;Dascyllus_flavicaudus;A2;lagoon;NA;10;8.5;31;NA;NA;NA;NA;NA;?;1;NA;1;1;1;NA;NA;0;NA;NA;;
GAM18A031;Myripristis_violacea;A2;lagoon;NA;17.4;12.6;98.1;NA;NA;NA;NA;F;?;1;NA;1;1;1;0.666;NA;0;NA;NA;;
GAM18A032;Epinephelus_merra;A2;lagoon;NA;16;14;58;NA;NA;NA;NA;NA;?;1;NA;1;1;0;NA;NA;0;NA;NA;;
GAM18A033;Ctenochaetus_striatus;A2;lagoon;NA;17.5;11.6;83;NA;NA;NA;NA;M;?;1;NA;1;1;1;0.1;NA;1;NA;NA;;
GAM18A034;Rhinecanthus_aculeatus;A2;lagoon;NA;17.3;13.9;132.6;NA;NA;NA;NA;M;?;1;NA;1;1;0;NA;NA;1;NA;NA;;
GAM18A035;Epinephelus_merra;A2;lagoon;NA;20;17;115;NA;NA;NA;NA;NA;?;1;NA;1;1;0;NA;NA;0;NA;NA;;
GAM18A036;Dascyllus_flavicaudus;A2;lagoon;NA;10.2;7.1;36.8;NA;NA;NA;NA;M;?;1;NA;1;1;1;NA;NA;0;NA;NA;;
GAM18A037;Chaetodon_reticulatus;A2;lagoon;NA;13.2;10.1;68.9;NA;NA;NA;NA;F;?;1;NA;1;1;1;0.2;NA;0;NA;NA;;
GAM18A038;Dascyllus_flavicaudus;A2;lagoon;NA;9.9;7.8;29;NA;NA;NA;NA;F;?;1;NA;1;1;0;0.05;NA;0;NA;NA;;
GAM18A039;Stegastes_nigricans;A2;lagoon;NA;12.5;10.5;41.3;NA;NA;NA;NA;F;?;1;NA;1;1;1;0.1;NA;1;NA;NA;;
GAM18A040;Stegastes_nigricans;A2;lagoon;NA;12.4;9.1;45.5;NA;NA;NA;NA;M;?;1;NA;1;1;0;0.1;NA;0;NA;NA;;
GAM18A041;Chaetodon_ornatissimus;B1;lagoon;NA;16;13.5;126;NA;NA;NA;NA;M;?;1;NA;1;1;1;0.107;1.03;1;NA;NA;;
GAM18A042;Sargocentron_spiniferum;B1;lagoon;NA;30.2;23.5;500;NA;NA;NA;NA;M;?;1;NA;0;1;1;0.292;7.753;1;NA;NA;;
GAM18A043;Ctenochaetus_striatus;B1;lagoon;NA;19.2;14.4;120.4;NA;NA;NA;NA;NA;?;1;NA;1;1;1;NA;0.923;0;NA;NA;;
GAM18A044;Ctenochaetus_striatus;B1;lagoon;NA;20.3;13.4;99.1;NA;NA;NA;NA;NA;?;1;NA;1;1;1;NA;0.465;0;NA;NA;;
GAM18A045;Sargocentron_spiniferum;B1;lagoon;NA;31.1;24.5;510;NA;NA;NA;NA;M;?;1;NA;1;1;1;NA;8.705;0;NA;NA;;
GAM18A046;Ctenochaetus_striatus;B1;lagoon;NA;20.5;16;134;NA;NA;NA;NA;M;?;1;NA;1;1;1;0.204;0.807;1;NA;NA;;
GAM18A047;Chaetodon_ornatissimus;B1;lagoon;NA;17.4;13.8;155.7;NA;NA;NA;NA;M;?;1;NA;1;1;1;0.104;1.519;1;NA;NA;;
GAM18A048;Epibulus_insidiator;B1;lagoon;NA;20.5;18;146;NA;NA;NA;NA;M;?;1;NA;1;1;1;0.613;0.9;0;NA;NA;;
GAM18A049;Epibulus_insidiator;B1;lagoon;NA;25.4;18;200.1;NA;NA;NA;NA;M;?;1;NA;1;1;0;0.21;1.791;0;NA;NA;;
GAM18A050;Chaetodon_ornatissimus;B1;lagoon;NA;16.5;13;147.2;NA;NA;NA;NA;F;?;1;NA;1;1;1;0.742;1.343;1;NA;NA;;
GAM18A051;Epibulus_insidiator;B1;lagoon;NA;24.6;18.1;206.9;NA;NA;NA;NA;F;?;1;NA;1;1;1;0.691;1.822;0;NA;NA;;
GAM18A052;Ctenochaetus_striatus;B1;lagoon;NA;18.5;13.5;116;NA;NA;NA;NA;M;?;1;NA;1;1;1;0.345;0.395;0;NA;NA;;
GAM18A053;Chlorurus_spilurus;B1;lagoon;NA;21.9;17.5;225.7;NA;NA;NA;NA;IP;?;1;NA;1;1;1;0.318;6.863;0;NA;NA;;transitioning
GAM18A054;Epibulus_insidiator;B1;lagoon;NA;25.4;18.9;241.8;NA;NA;NA;NA;F;?;1;NA;1;1;0;0.74;2.061;0;NA;NA;;
GAM18A055;Ctenochaetus_striatus;B1;lagoon;NA;17.5;13.5;90.5;NA;NA;NA;NA;NA;?;1;NA;1;1;1;NA;0.679;0;NA;NA;;
GAM18A056;Chlorurus_spilurus;B1;lagoon;NA;21.5;16.9;208.8;NA;NA;NA;NA;IP;?;1;NA;1;1;1;0.732;6.525;1;NA;NA;;transitioning
GAM18A057;Epibulus_insidiator;B1;lagoon;NA;26.1;18;224.2;NA;NA;NA;NA;M;?;1;NA;1;1;1;0.166;1.951;1;NA;NA;;
GAM18A058;Epinephelus_merra;B1;lagoon;NA;20.1;15.1;114.2;NA;NA;NA;NA;M;?;1;NA;1;1;0;0.017;1.135;0;NA;NA;;
GAM18A059;Naso_lituratus;B1;lagoon;NA;30;22.5;550;NA;NA;NA;NA;F;?;1;NA;1;1;1;9.212;6.771;1;NA;NA;;pregnant
GAM18A060;Chlorurus_spilurus;B1;lagoon;NA;20.4;15.5;176.1;NA;NA;NA;NA;IP;?;1;NA;1;1;1;0.333;3.32;1;NA;NA;;transitioning
GAM18A061;Epinephelus_merra;B1;lagoon;NA;16.9;13.2;66.6;NA;NA;NA;NA;M;?;1;NA;1;1;0;0.091;0.9;0;NA;NA;;empty stomach
GAM18A062;Chaetodon_ornatissimus;B1;lagoon;NA;17.5;14.5;176;NA;NA;NA;NA;NA;?;1;NA;1;1;1;NA;1.632;1;NA;NA;;
GAM18A063;Chaetodon_auriga;B1;lagoon;NA;17.6;14.7;132.8;NA;NA;NA;NA;F;?;1;NA;0;1;1;0.49;1.27;1;NA;NA;;
GAM18A064;Chaetodon_auriga;B1;lagoon;NA;17.5;14.2;158.8;NA;NA;NA;NA;M;?;1;NA;0;1;1;0.061;1.023;1;NA;NA;;
GAM18A065;Stegastes_nigricans;B1;lagoon;NA;11;8;31.4;NA;NA;NA;NA;NA;?;1;NA;1;1;1;NA;0.234;0;NA;NA;;
GAM18A066;Chaetodon_reticulatus;B1;lagoon;NA;14.5;11.7;85.5;NA;NA;NA;NA;F;?;1;NA;0;1;0;0.108;0.926;0;NA;NA;;
GAM18A067;Chaetodon_reticulatus;B1;lagoon;NA;14.5;11.4;109.4;NA;NA;NA;NA;F;?;1;NA;1;1;1;0.601;1.324;1;NA;NA;;
GAM18A068;Chaetodon_reticulatus;B1;lagoon;NA;14;11;81.2;NA;NA;NA;NA;NA;?;1;NA;0;1;1;NA;0.132;1;NA;NA;;
GAM18A069;Chaetodon_reticulatus;B1;lagoon;NA;15.1;11.8;102.9;NA;NA;NA;NA;F;?;1;NA;1;1;1;0.656;1.327;0;NA;NA;;
GAM18A070;Chaetodon_ornatissimus;B1;lagoon;NA;15.9;13.2;125.4;NA;NA;NA;NA;M;?;1;NA;1;1;1;0.057;1.422;1;NA;NA;;
GAM18A071;Chlorurus_spilurus;C2;lagoon;NA;23.4;17.3;262.9;NA;NA;NA;NA;M;?;1;NA;1;1;1;0.2;3.9;1;NA;NA;;
GAM18A072;Aulostomus_chinensis;C1;outer;NA;60.5;54;384;NA;NA;NA;NA;F;?;1;NA;1;1;1;11.15;5.189;1;NA;NA;;
GAM18A073;Cephalopholis_argus;C1;outer;NA;43;38;1950;NA;NA;NA;NA;F;?;1;NA;1;1;1;0.268;12.07;1;NA;NA;;
GAM18A074;Aulostomus_chinensis;C2;lagoon;NA;62.1;57;254.5;NA;NA;NA;NA;F;?;1;NA;0;1;1;13.82;7.66;1;NA;NA;;Chromis in gut
GAM18A075;Zebrasoma_scopas;C2;lagoon;NA;14.5;11.1;57.5;NA;NA;NA;NA;M;?;1;NA;1;1;1;0.026;0.338;1;NA;NA;;
GAM18A076;Chaetodon_ornatissimus;C1;outer;NA;14;12;94.4;NA;NA;NA;NA;M;?;1;NA;0;1;1;NA;0.326;1;NA;NA;;
GAM18A077;Zebrasoma_scopas;C1;outer;NA;12;9.1;39.4;NA;NA;NA;NA;NA;?;1;NA;1;1;1;NA;0.098;0;NA;NA;;
GAM18A078;Aulostomus_chinensis;C1;outer;NA;40.6;36.5;113.6;NA;NA;NA;NA;F;?;1;NA;1;1;0;3.913;2.7;1;NA;NA;;Naso hexacanthus in gut
GAM18A079;Zebrasoma_scopas;C1;outer;NA;12.4;9.5;41.7;NA;NA;NA;NA;F;?;1;NA;0;1;1;0.123;0.221;0;NA;NA;;
GAM18A080;Epibulus_insidiator;C1;outer;NA;23;16.8;202.1;NA;NA;NA;NA;M;?;1;NA;1;1;1;0.151;2.697;1;NA;NA;;
GAM18A081;Zebrasoma_scopas;C1;outer;NA;11;9.2;32;NA;NA;NA;NA;NA;?;1;NA;1;1;1;NA;NA;0;NA;NA;;
GAM18A082;Zebrasoma_scopas;C2;lagoon;NA;13.5;9.8;55.5;NA;NA;NA;NA;M;?;1;NA;0;1;1;NA;0.305;0;NA;NA;;
GAM18A083;Epibulus_insidiator;C1;outer;NA;21.8;15.4;133.9;NA;NA;NA;NA;M;?;1;NA;1;1;0;0.098;0.888;0;NA;NA;;
GAM18A084;Sufflamen_bursa;C1;outer;NA;17.5;13.8;120.6;NA;NA;NA;NA;M;?;1;NA;0;1;0;0.198;10.42;1;NA;NA;;
GAM18A085;Chaetodon_ornatissimus;C1;outer;NA;14;12;80.4;NA;NA;NA;NA;F;?;1;NA;0;1;1;0.181;0.29;1;NA;NA;;
GAM18A086;Cephalopholis_urodeta;C1;outer;NA;19.3;14.5;159.2;NA;NA;NA;NA;M;?;1;NA;1;1;0;0.061;1.205;0;NA;NA;;
GAM18A087;Cephalopholis_urodeta;C1;outer;NA;18.7;14.3;118.5;NA;NA;NA;NA;F;?;1;NA;1;1;1;0.208;0.647;0;NA;NA;;empty stomach
GAM18A088;Cephalopholis_urodeta;C1;outer;NA;20.3;15.4;163;NA;NA;NA;NA;M;?;1;NA;1;1;0;0.046;1.06;0;NA;NA;;empty stomach
GAM18A089;Cephalopholis_urodeta;C1;outer;NA;15;12;93.5;NA;NA;NA;NA;M;?;1;NA;1;1;0;0.286;1.22;0;NA;NA;;empty stomach
GAM18A090;Cephalopholis_urodeta;C1;outer;NA;19.4;14.8;116.2;NA;NA;NA;NA;F;?;1;NA;0;1;1;0.508;1.131;0;NA;NA;;
GAM18A091;Stegastes_nigricans;C1;outer;NA;11;9;35.3;NA;NA;NA;NA;M;?;1;NA;0;1;1;0.149;0.165;1;NA;NA;;
GAM18A092;Cephalopholis_urodeta;C1;outer;NA;21.4;17.9;149.5;NA;NA;NA;NA;M;?;1;NA;1;1;0;0.051;1.468;0;NA;NA;;
GAM18A093;Dascyllus_flavicaudus;C2;lagoon;NA;9.9;7.5;24.4;NA;NA;NA;NA;M;?;1;NA;1;1;1;NA;0.08;0;NA;NA;;
GAM18A094;Stegastes_nigricans;C1;outer;NA;12.5;10;53.5;NA;NA;NA;NA;F;?;1;NA;0;1;1;0.456;0.133;1;NA;NA;;
GAM18A095;Dascyllus_flavicaudus;C1;outer;NA;8.9;6.5;22.2;NA;NA;NA;NA;F;?;1;NA;1;1;0;0.062;0.139;0;NA;NA;;
GAM18A096;Cephalopholis_urodeta;C1;outer;NA;16.8;13.2;91.6;NA;NA;NA;NA;F;?;1;NA;1;1;0;0.88;1.417;0;NA;NA;;empty stomach
GAM18A097;Chromis_viridis;C2;lagoon;NA;12.5;8.2;24.8;NA;NA;NA;NA;M;?;1;NA;1;0;1;0.028;NA;0;NA;NA;;lost - no gut
GAM18A098;Cephalopholis_urodeta;C1;outer;NA;18.1;14.4;96.1;NA;NA;NA;NA;F;?;1;NA;1;1;0;0.239;0.739;0;NA;NA;;
GAM18A099;Sargocentron_tiere;C1;outer;NA;20.5;17.5;112.3;NA;NA;NA;NA;F;?;1;NA;0;1;1;0.244;0.794;1;NA;NA;;
GAM18A100;Chaetodon_ornatissimus;C1;outer;NA;13.9;11.1;87.8;NA;NA;NA;NA;F;?;1;NA;1;1;1;0.162;0.485;1;NA;NA;;
GAM18A101;Cephalopholis_argus;C1;outer;NA;41.1;33.2;1150;NA;NA;NA;NA;F;?;1;NA;1;1;1;2.534;4.99;1;NA;NA;;
GAM18A102;Myripristis_violacea;C2;lagoon;NA;18;14;102.9;NA;NA;NA;NA;F;?;1;NA;0;1;0;0.531;1.921;0;NA;NA;;
GAM18A103;Naso_lituratus;C2;lagoon;NA;45;27;95;NA;NA;NA;NA;M;?;1;NA;0;1;1;0.71;7.112;1;NA;NA;;
GAM18A104;Cephalopholis_argus;C1;outer;NA;32;29;600;NA;NA;NA;NA;NA;?;1;NA;0;1;0;2.333;6.321;0;NA;NA;;transitioning
GAM18A105;Epinephelus_merra;C2;lagoon;NA;21.2;16.2;158.9;NA;NA;NA;NA;M;?;1;NA;1;1;1;0.098;1.761;1;NA;NA;;crab in stomach
GAM18A106;Stegastes_nigricans;C2;lagoon;NA;12.5;10.5;43;NA;NA;NA;NA;NA;?;1;NA;0;1;1;NA;NA;1;NA;NA;;
GAM18A107;Halichoeres_trimaculatus;C2;lagoon;NA;18.1;14.4;90.2;NA;NA;NA;NA;M;?;1;NA;0;1;1;0.084;0.449;1;NA;NA;;
GAM18A108;Chaetodon_reticulatus;C1;outer;NA;13.6;10.5;52.9;NA;NA;NA;NA;F;?;1;NA;1;1;1;0.233;0.606;1;NA;NA;;
GAM18A109;Stegastes_nigricans;C1;outer;NA;11.2;8.5;21.8;NA;NA;NA;NA;NA;?;1;NA;0;1;1;NA;0.036;1;NA;NA;;
GAM18A110;Halichoeres_trimaculatus;C2;lagoon;NA;13.7;10.5;34.3;NA;NA;NA;NA;F;?;1;NA;0;1;1;0.663;0.206;1;NA;NA;;
GAM18A111;Sufflamen_bursa;C1;outer;NA;14.9;11.5;75.7;NA;NA;NA;NA;F;?;1;NA;0;1;1;0.782;2.521;0;NA;NA;;
GAM18A112;Sufflamen_bursa;C1;outer;NA;17.2;13.6;103.3;NA;NA;NA;NA;M;?;1;NA;0;1;0;0.117;6.789;1;NA;NA;;
GAM18A113;Myripristis_berndti;C1;outer;NA;26;21;229;NA;NA;NA;NA;M;?;1;NA;0;1;0;0.5;1.067;0;NA;NA;;empty stomach
GAM18A114;Cephalopholis_argus;D1;outer;NA;40.5;32.2;125;NA;NA;NA;NA;M;?;1;NA;1;1;1;0.977;17.462;1;NA;NA;;
GAM18A115;Chlorurus_spilurus;D2;lagoon;NA;30.2;23.5;450;NA;NA;NA;NA;M;?;1;NA;1;1;1;0.188;11.343;1;NA;NA;;
GAM18A116;Chaetodon_auriga;D2;lagoon;NA;18;14.5;158.3;NA;NA;NA;NA;NA;?;1;NA;1;1;1;NA;1.176;1;NA;NA;;
GAM18A117;Chlorurus_spilurus;D2;lagoon;NA;29.5;23;500;NA;NA;NA;NA;M;?;1;NA;1;1;1;0.425;17.38;1;NA;NA;;
GAM18A118;Epibulus_insidiator;D2;lagoon;NA;35;25.9;520;NA;NA;NA;NA;F;?;1;NA;1;1;1;0.637;6.514;1;NA;NA;;
GAM18A119;Chaetodon_auriga;D2;lagoon;NA;19;16;172.3;NA;NA;NA;NA;F;?;1;NA;0;1;0;1.075;0.995;1;NA;NA;;
GAM18A120;Chlorurus_spilurus;D2;lagoon;NA;29.5;22.4;450;NA;NA;NA;NA;TP;?;1;NA;1;1;1;NA;1.347;1;NA;NA;;transitioning
GAM18A121;Epibulus_insidiator;D2;lagoon;NA;30;20.7;329;NA;NA;NA;NA;M;?;1;NA;1;1;1;0.167;2.462;1;NA;NA;;
GAM18A122;Naso_lituratus;D2;lagoon;NA;26;19;246;NA;NA;NA;NA;NA;?;1;NA;0;1;1;NA;2.607;1;NA;NA;;
GAM18A123;Abudefduf_sexfasciatus;D2;lagoon;NA;15.9;11.4;75.5;NA;NA;NA;NA;M;?;1;NA;0;1;1;0.429;0.638;0;NA;NA;;
GAM18A124;Epibulus_insidiator;D2;lagoon;NA;21.8;16.1;155.2;NA;NA;NA;NA;F;?;1;NA;1;1;1;0.482;1.277;0;NA;NA;;
GAM18A125;Abudefduf_sexfasciatus;D2;lagoon;NA;16.6;12.2;71.5;NA;NA;NA;NA;M;?;1;NA;1;1;1;0.214;0.372;0;NA;NA;;whole stomach
GAM18A126;Chromis_viridis;D2;lagoon;NA;14;9.2;33.4;NA;NA;NA;NA;F;?;1;NA;0;1;1;0.119;0.309;0;NA;NA;;
GAM18A127;Chromis_viridis;D2;lagoon;NA;13.9;9.1;32.4;NA;NA;NA;NA;NA;?;1;NA;0;1;1;NA;0.154;0;NA;NA;;
GAM18A128;Chromis_viridis;D2;lagoon;NA;13.5;10.5;30.3;NA;NA;NA;NA;NA;?;1;NA;0;1;0;NA;0.026;0;NA;NA;;whole stomach
GAM18A129;Abudefduf_sexfasciatus;D2;lagoon;NA;15.8;10.7;73.4;NA;NA;NA;NA;M;?;1;NA;1;1;1;0.197;0.33;0;NA;NA;;
GAM18A130;Chromis_viridis;D2;lagoon;NA;13.2;8.7;28.5;NA;NA;NA;NA;F;?;1;NA;0;1;0;0.03;0.383;0;NA;NA;;
GAM18A131;Chromis_viridis;D2;lagoon;NA;12.5;9;26.1;NA;NA;NA;NA;M;?;1;NA;0;1;0;0.051;0.134;0;NA;NA;;
GAM18A132;Abudefduf_sexfasciatus;D2;lagoon;NA;15.5;10.4;74.5;NA;NA;NA;NA;M;?;1;NA;1;1;0;0.227;0.222;0;NA;NA;;
GAM18A133;Chromis_viridis;D2;lagoon;NA;14.8;9.9;33.3;NA;NA;NA;NA;F;?;1;NA;1;1;1;0.002;0.254;0;NA;NA;;
GAM18A134;Neoniphon_sammara;D2;lagoon;NA;20.5;18.5;136.5;NA;NA;NA;NA;F;?;1;NA;0;1;1;0.119;0.497;0;NA;NA;;
GAM18A135;Abudefduf_sexfasciatus;D2;lagoon;NA;15.9;11.4;76.5;NA;NA;NA;NA;M;?;1;NA;1;1;1;0.223;0.487;0;NA;NA;;
GAM18A136;Abudefduf_sexfasciatus;D2;lagoon;NA;14.9;11;64.1;NA;NA;NA;NA;F;?;1;NA;1;1;1;0.382;0.442;0;NA;NA;;
GAM18A137;Chromis_viridis;D2;lagoon;NA;14.3;9.4;34.3;NA;NA;NA;NA;F;?;1;NA;1;1;0;0.087;0.248;0;NA;NA;;
GAM18A138;Aulostomus_chinensis;D2;lagoon;NA;40;38.5;156.5;NA;NA;NA;NA;F;?;1;NA;0;1;1;0.976;2.208;0;NA;NA;;whole stomach
GAM18A139;Chromis_viridis;D2;lagoon;NA;12.5;8.5;27.6;NA;NA;NA;NA;F;?;1;NA;1;1;1;0.262;0.204;0;NA;NA;;3 Eviota in stomach
GAM18A140;Aulostomus_chinensis;D2;lagoon;NA;32;29;43.1;NA;NA;NA;NA;NA;?;1;NA;0;1;0;NA;0.568;1;NA;NA;;
GAM18A141;Chaetodon_auriga;D2;lagoon;NA;18.5;15.1;163.4;NA;NA;NA;NA;NA;?;1;NA;1;1;1;NA;1.64;1;NA;NA;;
GAM18A142;Epinephelus_merra;D2;lagoon;NA;20.5;18.5;149.8;NA;NA;NA;NA;M;?;1;NA;0;1;1;NA;1.296;0;NA;NA;;
GAM18A143;Aulostomus_chinensis;D2;lagoon;NA;48.5;43;194.3;NA;NA;NA;NA;F;?;1;NA;1;1;0;0.342;2.972;0;NA;NA;;jellyfish in stomach
GAM18A144;Zebrasoma_scopas;D2;lagoon;NA;13.5;10.4;70.4;NA;NA;NA;NA;M;?;1;NA;0;1;1;0.025;0.795;0;NA;NA;;
GAM18A145;Epinephelus_merra;D2;lagoon;NA;22.2;17.3;172.7;NA;NA;NA;NA;F;?;1;NA;1;1;1;0.309;3.61;0;NA;NA;;
GAM18A146;Zebrasoma_scopas;D2;lagoon;NA;14.1;10.1;63.8;NA;NA;NA;NA;M;?;1;NA;1;1;1;NA;0.505;0;NA;NA;;
GAM18A147;Epinephelus_merra;D2;lagoon;NA;20.5;17.5;129.1;NA;NA;NA;NA;NA;?;1;NA;0;1;1;NA;1.91;1;NA;NA;;
GAM18A148;Zebrasoma_scopas;D2;lagoon;NA;10.9;7.8;35.3;NA;NA;NA;NA;NA;?;1;NA;0;1;1;NA;0.148;0;NA;NA;;immature
GAM18A149;Chaetodon_auriga;D2;lagoon;NA;12.5;10.1;56.4;NA;NA;NA;NA;NA;?;1;NA;0;1;1;NA;0.532;1;NA;NA;;
GAM18A150;Epinephelus_merra;D2;lagoon;NA;19.9;15.1;108.4;NA;NA;NA;NA;M;?;1;NA;1;1;1;0.055;1.263;1;NA;NA;;
GAM18A151;Stegastes_nigricans;D2;lagoon;NA;12;9.5;41.1;NA;NA;NA;NA;NA;?;1;NA;0;1;1;NA;0.236;0;NA;NA;;
GAM18A152;Chaetodon_auriga;D2;lagoon;NA;18.6;15.1;155.9;NA;NA;NA;NA;M;?;1;NA;1;1;0;0.079;1.04;0;NA;NA;;
GAM18A153;Zebrasoma_scopas;D2;lagoon;NA;12;9.1;54.3;NA;NA;NA;NA;M;?;1;NA;1;1;1;0.024;0.362;1;NA;NA;;
GAM18A154;Epinephelus_merra;D2;lagoon;NA;20;15.9;99.9;NA;NA;NA;NA;F;?;1;NA;1;1;1;0.17;2.812;1;NA;NA;;
GAM18A155;Epinephelus_merra;D2;lagoon;NA;19.5;15.4;94.8;NA;NA;NA;NA;F;?;1;NA;1;1;0;0.098;0.604;0;NA;NA;;
GAM18A156;Myripristis_berndti;E2;outer;NA;25.5;19.2;283.6;NA;NA;NA;NA;M;?;1;NA;1;1;1;0.54;3.029;1;NA;NA;;
GAM18A157;Sargocentron_spiniferum;E2;outer;NA;32;28;550;NA;NA;NA;NA;F;?;1;NA;0;1;1;1.025;3.212;1;NA;NA;;
GAM18A158;Cephalopholis_argus;E2;outer;NA;44.46;35;1400;NA;NA;NA;NA;F;?;1;NA;1;1;0;0.977;6.725;1;NA;NA;;
GAM18A159;Myripristis_berndti;E2;outer;NA;27.9;19.1;287.7;NA;NA;NA;NA;F;?;1;NA;1;1;1;0.339;3.075;1;NA;NA;;
GAM18A160;Myripristis_berndti;E2;outer;NA;27.4;20.1;290.3;NA;NA;NA;NA;F;?;1;NA;1;1;1;2.277;3.707;1;NA;NA;;
GAM18A161;Stegastes_nigricans;E1;lagoon;NA;14;11;49.4;NA;NA;NA;NA;F;?;1;NA;0;1;1;0.16;0.006;0;NA;NA;;
GAM18A162;Chromis_viridis;E1;lagoon;NA;13.5;9.4;29.8;NA;NA;NA;NA;M;?;1;NA;1;1;0;0.254;0.255;0;NA;NA;;
GAM18A163;Chaetodon_auriga;E1;lagoon;NA;18.5;14.6;137.8;NA;NA;NA;NA;M;?;1;NA;1;1;1;0.154;0.829;1;NA;NA;;
GAM18A164;Cephalopholis_argus;E1;lagoon;NA;44.5;37;1750;NA;NA;NA;NA;F;?;1;NA;1;1;1;4.44;14.409;1;NA;NA;;
GAM18A165;Scarus_psittacus;E1;lagoon;NA;23.5;18.5;193.2;NA;NA;NA;NA;M;?;1;NA;0;1;1;0.403;1.594;1;NA;NA;;
GAM18A166;Abudefduf_sexfasciatus;E1;lagoon;NA;17.2;12.5;88.2;NA;NA;NA;NA;M;?;1;NA;1;1;1;0.122;0.718;0;NA;NA;;
GAM18A167;Abudefduf_sexfasciatus;E1;lagoon;NA;15.1;10.6;73.4;NA;NA;NA;NA;F;?;1;NA;1;1;1;0.484;0.565;1;NA;NA;;
GAM18A168;Myripristis_berndti;E1;lagoon;NA;25.7;18.9;269.3;NA;NA;NA;NA;M;?;1;NA;1;1;1;0.165;2.107;1;NA;NA;;gut may be reversed
GAM18A169;Rhinecanthus_aculeatus;E1;lagoon;NA;15.5;13;96.4;NA;NA;NA;NA;M;?;1;NA;0;1;1;0.47;6.198;1;NA;NA;;
GAM18A170;Abudefduf_sexfasciatus;E1;lagoon;NA;15.4;10.5;73.9;NA;NA;NA;NA;F;?;1;NA;1;1;0;0.469;0.734;1;NA;NA;;
GAM18A171;Myripristis_berndti;E1;lagoon;NA;25.3;18.9;284.4;NA;NA;NA;NA;F;?;1;NA;1;1;0;0.47;2.063;0;NA;NA;;
GAM18A172;Abudefduf_sexfasciatus;E1;lagoon;NA;16.2;11.6;75.7;NA;NA;NA;NA;M;?;1;NA;1;1;0;0.06;0.226;1;NA;NA;;
GAM18A173;Dascyllus_flavicaudus;E1;lagoon;NA;11;9;34.2;NA;NA;NA;NA;NA;?;1;NA;0;1;1;NA;0.155;0;NA;NA;;
GAM18A174;Myripristis_violacea;E1;lagoon;NA;20.4;15;148.9;NA;NA;NA;NA;F;?;1;NA;1;1;1;0.255;2.344;0;NA;NA;;
GAM18A175;Chaetodon_reticulatus;E1;lagoon;NA;13;10;63.6;NA;NA;NA;NA;F;?;1;NA;0;1;1;0.144;0.39;0;NA;NA;;
GAM18A176;Aulostomus_chinensis;E1;lagoon;NA;32;29.5;42.8;NA;NA;NA;NA;F;?;1;NA;0;1;0;0.087;0.409;1;NA;NA;;juvenile labrid in stomach
GAM18A177;Aulostomus_chinensis;E1;lagoon;NA;31.2;28;40.1;NA;NA;NA;NA;F;?;1;NA;1;1;0;0.099;0.343;0;NA;NA;;
GAM18A178;Myripristis_violacea;E1;lagoon;NA;18;15;99.5;NA;NA;NA;NA;F;?;1;NA;0;1;1;0.463;1.432;0;NA;NA;;
GAM18A179;Epibulus_insidiator;E1;lagoon;NA;25;17.4;174.9;NA;NA;NA;NA;M;?;1;NA;1;1;1;0.089;0.963;0;NA;NA;;
GAM18A180;Halichoeres_trimaculatus;E1;lagoon;NA;16;13;63;NA;NA;NA;NA;M;?;1;NA;0;1;1;0.831;0.585;1;NA;NA;;
GAM18A181;Dascyllus_flavicaudus;E1;lagoon;NA;9.5;7.5;22.8;NA;NA;NA;NA;F;?;1;NA;1;1;1;0.1;0.11;1;NA;NA;;
GAM18A182;Myripristis_violacea;E1;lagoon;NA;18.8;13.3;110.8;NA;NA;NA;NA;F;?;1;NA;1;1;1;0.214;1.789;0;NA;NA;;
GAM18A183;Sargocentron_spiniferum;E1;lagoon;NA;14;11;239;NA;NA;NA;NA;M;?;1;NA;0;1;1;0.227;1.583;1;NA;NA;;
GAM18A184;Dascyllus_flavicaudus;E1;lagoon;NA;10.4;7.5;30.6;NA;NA;NA;NA;NA;?;1;NA;1;1;0;NA;0.237;1;NA;NA;;
GAM18A185;Dascyllus_flavicaudus;E1;lagoon;NA;10;7.5;25.3;NA;NA;NA;NA;NA;?;1;NA;0;1;1;NA;0.134;1;NA;NA;;
GAM18A186;Myripristis_amaena;E1;lagoon;NA;23.5;17.1;183;NA;NA;NA;NA;F;?;1;NA;1;1;1;0.255;2.647;1;NA;NA;;two lobsters in stomach
GAM18A187;Rhinecanthus_aculeatus;E1;lagoon;NA;17.5;14.2;113.2;NA;NA;NA;NA;NA;?;1;NA;0;1;1;NA;1.468;1;NA;NA;;
GAM18A188;Sargocentron_spiniferum;E1;lagoon;NA;30;26.5;900;NA;NA;NA;NA;M;?;1;NA;0;1;1;0.511;2.451;0;NA;NA;;empty stomach
GAM18A189;Chaetodon_auriga;E1;lagoon;NA;17.7;14.5;166.2;NA;NA;NA;NA;F;?;1;NA;1;1;0;0.352;1.001;1;NA;NA;;
GAM18A190;Myripristis_kuntee;E1;lagoon;NA;17;12.3;67.6;NA;NA;NA;NA;F;?;1;NA;1;1;0;0.402;0.897;1;NA;NA;;
GAM18A191;Stegastes_nigricans;E1;lagoon;NA;12.5;9.4;46.8;NA;NA;NA;NA;F;?;1;NA;1;1;1;0.063;0.192;0;NA;NA;;
GAM18A192;Halichoeres_trimaculatus;E1;lagoon;NA;17;14;79.2;NA;NA;NA;NA;M;?;1;NA;0;1;1;2.295;0.539;1;NA;NA;;
GAM18A193;Halichoeres_trimaculatus;E1;lagoon;NA;17.4;13;66.6;NA;NA;NA;NA;M;?;1;NA;1;1;1;0.088;0.397;1;NA;NA;;
GAM18A194;Cephalopholis_argus;F1;outer;NA;45;36;1850;NA;NA;NA;NA;M;?;1;NA;1;1;1;1.782;15.864;0;NA;NA;;
GAM18A195;Myripristis_berndti;F1;outer;NA;24.4;18.7;231.9;NA;NA;NA;NA;F;?;1;NA;1;1;1;1.253;3.135;0;NA;NA;;empty stomach
GAM18A196;Sargocentron_spiniferum;F1;outer;NA;31;27;300;NA;NA;NA;NA;M;?;1;NA;0;1;1;0.485;7.035;1;NA;NA;;
GAM18A197;Scarus_psittacus;F2;lagoon;NA;29.1;19.4;364.5;NA;NA;NA;NA;M;?;1;NA;1;1;1;0.297;7.138;1;NA;NA;;
GAM18A198;Dascyllus_flavicaudus;F2;lagoon;NA;8;7;22;NA;NA;NA;NA;M;?;1;NA;0;1;1;0.072;0.117;1;NA;NA;;
GAM18A199;Myripristis_amaena;F2;lagoon;NA;21.3;15.7;151.9;NA;NA;NA;NA;F;?;1;NA;1;1;1;1.048;2.115;1;NA;NA;;
GAM18A200;Myripristis_violacea;F2;lagoon;NA;16.5;12.5;97.6;NA;NA;NA;NA;M;?;1;NA;1;1;1;0.323;1.465;1;NA;NA;;
GAM18A201;Dascyllus_flavicaudus;F2;lagoon;NA;11.5;9;36.6;NA;NA;NA;NA;NA;?;1;NA;0;1;1;NA;0.11;0;NA;NA;;
GAM18A202;Myripristis_violacea;F2;lagoon;NA;21.9;16.5;168.6;NA;NA;NA;NA;F;?;1;NA;1;1;1;0.442;1.941;1;NA;NA;;
GAM18A203;Myripristis_violacea;F2;lagoon;NA;18.9;13.1;125.4;NA;NA;NA;NA;M;?;1;NA;1;1;1;0.29;1.93;0;NA;NA;;
GAM18A204;Dascyllus_flavicaudus;F2;lagoon;NA;7.5;5.5;15.8;NA;NA;NA;NA;F;?;1;NA;0;1;0;0.063;0.128;0;NA;NA;;
GAM18A205;Rhinecanthus_aculeatus;F2;lagoon;NA;19.6;15.1;186.7;NA;NA;NA;NA;M;?;1;NA;0;1;1;0.06;4.9;1;NA;NA;;
GAM18A206;Myripristis_violacea;F2;lagoon;NA;19;13.7;105.9;NA;NA;NA;NA;F;?;1;NA;1;1;0;1.073;2.009;0;NA;NA;;empty stomach
GAM18A207;Halichoeres_trimaculatus;F2;lagoon;NA;14.5;13;44.5;NA;NA;NA;NA;M;?;1;NA;0;1;1;0.571;0.28;1;NA;NA;;
GAM18A208;Rhinecanthus_aculeatus;F2;lagoon;NA;15.6;12.5;85.2;NA;NA;NA;NA;F;?;1;NA;0;1;0;1;3.1;1;NA;NA;;
GAM18A209;Myripristis_violacea;F2;lagoon;NA;16.8;12.1;75.1;NA;NA;NA;NA;M;?;1;NA;1;1;1;0.293;1.051;1;NA;NA;;
GAM18A210;Rhinecanthus_aculeatus;F2;lagoon;NA;18;15;126.2;NA;NA;NA;NA;F;?;1;NA;0;1;1;0.912;1.129;1;NA;NA;;
GAM18A211;Rhinecanthus_aculeatus;F2;lagoon;NA;19.6;15.1;173.6;NA;NA;NA;NA;M;?;1;NA;0;1;0;0.116;1.707;1;NA;NA;;
GAM18A212;Aulostomus_chinensis;F2;lagoon;NA;46.2;41.5;70;NA;NA;NA;NA;M;?;1;NA;0;1;1;0.553;2.113;1;NA;NA;;
GAM18A213;Rhinecanthus_aculeatus;F2;lagoon;NA;15.8;12.2;89.9;NA;NA;NA;NA;M;?;1;NA;0;1;0;0.108;1.661;1;NA;NA;;
GAM18A214;Halichoeres_trimaculatus;F2;lagoon;NA;17.1;13.5;76.1;NA;NA;NA;NA;NA;?;1;NA;1;1;1;NA;0.662;1;NA;NA;;
GAM18A215;Aulostomus_chinensis;F2;lagoon;NA;28.6;25.2;31.8;NA;NA;NA;NA;NA;?;1;NA;1;1;1;NA;0.417;1;NA;NA;;immature
GAM18A216;Halichoeres_trimaculatus;F2;lagoon;NA;13;11;32;NA;NA;NA;NA;F;?;1;NA;0;1;1;0.08;0.149;0;NA;NA;;
GAM18A217;Halichoeres_trimaculatus;F2;lagoon;NA;13.5;11;37;NA;NA;NA;NA;M;?;1;NA;1;1;1;0.347;0.348;1;NA;NA;;
GAM18A218;Cephalopholis_urodeta;O5;slope;NA;13.7;11.4;42.8;NA;NA;NA;NA;NA;?;1;NA;0;1;0;NA;NA;0;NA;NA;;GAM18155
GAM18A219;Epinephelus_merra;L2;lagoon;NA;55.8;43.8;2.344;NA;NA;NA;NA;NA;?;1;NA;0;0;0;NA;NA;0;NA;NA;;GAM18226
GAM18A220;Epinephelus_merra;L2;lagoon;NA;89.3;67.8;9.683;NA;NA;NA;NA;NA;?;1;NA;0;0;0;NA;NA;0;NA;NA;;GAM18227
GAM18A221;Epinephelus_merra;L2;lagoon;NA;110.8;91.3;19.38;NA;NA;NA;NA;NA;?;1;NA;0;0;0;NA;NA;0;NA;NA;;GAM18228
GAM18A222;Epinephelus_merra;L2;lagoon;NA;121;96.9;24.812;NA;NA;NA;NA;NA;?;1;NA;0;0;0;NA;NA;0;NA;NA;;GAM18229
GAM18A223;Cephalopholis_urodeta;O6;slope;NA;192;152;125.86;NA;NA;NA;NA;NA;?;1;NA;0;0;0;NA;NA;0;NA;NA;;
GAM18A224;Neocirrhites_armatus;O6;slope;NA;7.3;5.6;8.6;NA;NA;NA;NA;NA;?;1;NA;1;0;0;NA;NA;0;NA;NA;;
GAM18A225;Neocirrhites_armatus;O6;slope;NA;6.6;5.2;5.9;NA;NA;NA;NA;NA;?;1;NA;0;0;0;NA;NA;0;NA;NA;;
GAM18A226;Paracirrhites_arcatus;O6;slope;NA;14.2;10.4;42.1;NA;NA;NA;NA;NA;?;1;NA;0;0;0;NA;NA;0;NA;NA;;empty stomach
GAM18A227;Paracirrhites_arcatus;O6;slope;NA;14.1;10.3;41.2;NA;NA;NA;NA;NA;?;1;NA;1;0;0;NA;NA;0;NA;NA;;empty stomach
GAM18A228;Paracirrhites_arcatus;O6;slope;NA;13.9;10.3;39.4;NA;NA;NA;NA;NA;?;1;NA;0;0;0;NA;NA;0;NA;NA;;
GAM18A229;Paracirrhites_arcatus;O6;slope;NA;11;8;26.4;NA;NA;NA;NA;NA;?;1;NA;1;0;0;NA;NA;0;NA;NA;;
GAM18A230;Paracirrhites_arcatus;O6;slope;NA;10.8;8.3;21.1;NA;NA;NA;NA;NA;?;1;NA;0;0;0;NA;NA;0;NA;NA;;mantis shrimp in stomach
GAM18A231;Paracirrhites_arcatus;O6;slope;NA;10;7.7;18.3;NA;NA;NA;NA;NA;?;1;NA;0;0;0;NA;NA;0;NA;NA;;
GAM18A232;Epinephelus_merra;L4;lagoon;NA;160;132;66.1;NA;NA;NA;NA;NA;?;1;NA;0;0;0;NA;NA;0;NA;NA;;"GAM18274; empty stomach"
GAM18A233;Epinephelus_merra;L5;lagoon;NA;17.2;14;79.4;NA;NA;NA;NA;NA;?;1;NA;0;0;0;NA;NA;0;NA;NA;;"GAM18339; emtpy stomach"
GAM18A234;Epinephelus_merra;L5;lagoon;NA;14.5;11.2;36;NA;NA;NA;NA;NA;?;1;NA;0;0;0;NA;NA;0;NA;NA;;"GAM18340; empty stomach"
GAM18A235;Epinephelus_merra;L6;lagoon;NA;125.5;95.5;26.949;NA;NA;NA;NA;NA;?;1;NA;0;0;0;NA;NA;0;NA;NA;;GAM18383
GAM18A236;Neocirrhites_armatus;L6;lagoon;NA;80.3;63.3;12.908;NA;NA;NA;NA;NA;?;1;NA;0;0;0;NA;NA;0;NA;NA;;GAM18384
GAM18A237;Neocirrhites_armatus;L6;lagoon;NA;80.8;64.8;14.539;NA;NA;NA;NA;NA;?;1;NA;0;0;0;NA;NA;0;NA;NA;;GAM18385
GAM18A238;Neocirrhites_armatus;L6;lagoon;NA;72.3;56.6;9.843;NA;NA;NA;NA;NA;?;1;NA;0;0;0;NA;NA;0;NA;NA;;GAM18386
